,eventmsgtype,period,pctimestring,neutraldescription,score,scoremargin,player1_name,player1_team_abbreviation,player2_name,player2_team_abbreviation,player3_name,player3_team_abbreviation
0,STARTOFPERIOD,1,12:00,Start of 1st Period (8:14 PM EST),0,0,,,,,,
1,JUMPBALL,1,12:00,Jump Ball Gafford vs. Holmgren: Tip to Gilgeous-Alexander,0,0,Daniel Gafford,DAL,Chet Holmgren,OKC,Shai Gilgeous-Alexander,OKC
2,2POINT.ASSIST,1,11:54,Jal. Williams 2' Cutting Dunk Shot (2 PTS) (Gilgeous-Alexander 1 AST),2 - 0,-2,Jalen Williams,OKC,Shai Gilgeous-Alexander,OKC,,
3,FOUL,1,11:41,Dort S.FOUL (P1.T1) (T.Brothers),2 - 0,-2,Luguentz Dort,OKC,Luka Doncic,DAL,,
4,FTMAKE,1,11:41,Doncic Free Throw 1 of 2 (1 PTS),2 - 1,-1,Luka Doncic,DAL,,,,
5,FTMAKE,1,11:41,Doncic Free Throw 2 of 2 (2 PTS),2 - 2,TIE,Luka Doncic,DAL,,,,
6,TURNOVER,1,11:17,Thunder Turnover: Shot Clock (T#1),2 - 2,TIE,,,,,,
7,STEAL.TURNOVER,1,11:01,Jones Jr. Lost Ball Turnover (P1.T1)Holmgren STEAL (1 STL),2 - 2,TIE,Derrick Jones Jr.,DAL,Chet Holmgren,OKC,,
8,2POINT.ASSIST,1,10:49,Dort 1' Layup (2 PTS) (Joe 1 AST),4 - 2,-2,Luguentz Dort,OKC,Isaiah Joe,OKC,,
9,FOUL,1,10:49,Washington S.FOUL (P1.T1) (T.Brothers),4 - 2,-2,P.J. Washington,DAL,Luguentz Dort,OKC,,
10,FTMAKE,1,10:49,Dort Free Throw 1 of 1 (3 PTS),5 - 2,-3,Luguentz Dort,OKC,,,,
11,2POINTMISS,1,10:34,MISS Gafford 1' Driving Layup,5 - 2,-3,Daniel Gafford,DAL,,,,
12,REBOUND,1,10:32,Gafford REBOUND (Off:1 Def:0),5 - 2,-3,Daniel Gafford,DAL,,,,
13,2POINT,1,10:32,Gafford 1' Putback Dunk (2 PTS),5 - 4,-1,Daniel Gafford,DAL,,,,
14,3POINT.ASSIST,1,10:14,Holmgren 25' 3PT Jump Shot (3 PTS) (Dort 1 AST),8 - 4,-4,Chet Holmgren,OKC,Luguentz Dort,OKC,,
15,STEAL.TURNOVER,1,10:02,Doncic Bad Pass Turnover (P1.T2)Jal. Williams STEAL (1 STL),8 - 4,-4,Luka Doncic,DAL,Jalen Williams,OKC,,
16,2POINT,1,9:58,Jal. Williams 1' Running Dunk (4 PTS),10 - 4,-6,Jalen Williams,OKC,,,,
17,STEAL.TURNOVER,1,9:41,Doncic Lost Ball Turnover (P2.T3)Dort STEAL (1 STL),10 - 4,-6,Luka Doncic,DAL,Luguentz Dort,OKC,,
18,FOUL,1,9:38,Washington P.FOUL (P2.T2) (J.Tiven),10 - 4,-6,P.J. Washington,DAL,Shai Gilgeous-Alexander,OKC,,
19,3POINT.ASSIST,1,9:22,Dort 25' 3PT Jump Shot (6 PTS) (Jal. Williams 1 AST),13 - 4,-9,Luguentz Dort,OKC,Jalen Williams,OKC,,
20,TIMEOUT,1,9:22,MAVERICKS Timeout: Regular (Full 1 Short 0),13 - 4,-9,,,,,,
21,FOUL,1,9:13,Holmgren S.FOUL (P1.T2) (M.Ervin),13 - 4,-9,Chet Holmgren,OKC,Derrick Jones Jr.,DAL,,
22,FTMAKE,1,9:13,Jones Jr. Free Throw 1 of 2 (1 PTS),13 - 5,-8,Derrick Jones Jr.,DAL,,,,
23,SUB,1,9:13,SUB: Green FOR Washington,13 - 5,-8,P.J. Washington,DAL,Josh Green,DAL,,
24,FTMAKE,1,9:13,Jones Jr. Free Throw 2 of 2 (2 PTS),13 - 6,-7,Derrick Jones Jr.,DAL,,,,
25,3POINT.ASSIST,1,8:49,Dort 25' 3PT Jump Shot (9 PTS) (Gilgeous-Alexander 2 AST),16 - 6,-10,Luguentz Dort,OKC,Shai Gilgeous-Alexander,OKC,,
26,2POINTMISS.BLOCK,1,8:31,MISS Jones Jr. 7' Floating Jump ShotGilgeous-Alexander BLOCK (1 BLK),16 - 6,-10,Derrick Jones Jr.,DAL,,,Shai Gilgeous-Alexander,OKC
27,REBOUND,1,8:29,Gilgeous-Alexander REBOUND (Off:0 Def:1),16 - 6,-10,Shai Gilgeous-Alexander,OKC,,,,
28,3POINTMISS,1,8:15,MISS Holmgren 26' 3PT Jump Shot,16 - 6,-10,Chet Holmgren,OKC,,,,
29,REBOUND,1,8:13,Doncic REBOUND (Off:0 Def:1),16 - 6,-10,Luka Doncic,DAL,,,,
30,3POINT,1,8:06,Doncic 26' 3PT Step Back Jump Shot (5 PTS),16 - 9,-7,Luka Doncic,DAL,,,,
31,2POINTMISS,1,7:51,MISS Gilgeous-Alexander 19' Pullup Jump Shot,16 - 9,-7,Shai Gilgeous-Alexander,OKC,,,,
32,REBOUND,1,7:49,Green REBOUND (Off:0 Def:1),16 - 9,-7,Josh Green,DAL,,,,
33,STEAL.TURNOVER,1,7:41,Doncic Bad Pass Turnover (P3.T4)Dort STEAL (2 STL),16 - 9,-7,Luka Doncic,DAL,Luguentz Dort,OKC,,
34,3POINTMISS,1,7:35,MISS Jal. Williams 3PT Running Jump Shot,16 - 9,-7,Jalen Williams,OKC,,,,
35,REBOUND,1,7:32,Gafford REBOUND (Off:1 Def:1),16 - 9,-7,Daniel Gafford,DAL,,,,
36,2POINT,1,7:20,Irving 5' Pullup Jump Shot (2 PTS),16 - 11,-5,Kyrie Irving,DAL,,,,
37,2POINTMISS,1,6:56,MISS Jal. Williams 14' Fadeaway Jumper,16 - 11,-5,Jalen Williams,OKC,,,,
38,REBOUND,1,6:55,Doncic REBOUND (Off:0 Def:2),16 - 11,-5,Luka Doncic,DAL,,,,
39,3POINT,1,6:43,Doncic 26' 3PT Step Back Jump Shot (8 PTS),16 - 14,-2,Luka Doncic,DAL,,,,
40,2POINT,1,6:25,Gilgeous-Alexander 13' Turnaround Fadeaway (2 PTS),18 - 14,-4,Shai Gilgeous-Alexander,OKC,,,,
41,FOUL,1,6:14,Jal. Williams P.FOUL (P1.T3) (T.Brothers),18 - 14,-4,Jalen Williams,OKC,Kyrie Irving,DAL,,
42,SUB,1,6:14,SUB: Lively II FOR Gafford,18 - 14,-4,Daniel Gafford,DAL,Dereck Lively II,DAL,,
43,SUB,1,6:14,SUB: Giddey FOR Gilgeous-Alexander,18 - 14,-4,Shai Gilgeous-Alexander,OKC,Josh Giddey,OKC,,
44,SUB,1,6:14,SUB: Jay. Williams FOR Holmgren,18 - 14,-4,Chet Holmgren,OKC,Jaylin Williams,OKC,,
45,2POINT,1,5:59,Green 10' Turnaround Fadeaway (2 PTS),18 - 16,-2,Josh Green,DAL,,,,
46,3POINTMISS,1,5:43,MISS Dort 25' 3PT Pullup Jump Shot,18 - 16,-2,Luguentz Dort,OKC,,,,
47,REBOUND,1,5:43,Jal. Williams REBOUND (Off:1 Def:0),18 - 16,-2,Jalen Williams,OKC,,,,
48,2POINTMISS,1,5:34,MISS Joe 20' Jump Shot,18 - 16,-2,Isaiah Joe,OKC,,,,
49,REBOUND,1,5:32,Lively II REBOUND (Off:0 Def:1),18 - 16,-2,Dereck Lively II,DAL,,,,
50,3POINTMISS,1,5:23,MISS Green 3PT Jump Shot,18 - 16,-2,Josh Green,DAL,,,,
51,REBOUND,1,5:19,Joe REBOUND (Off:0 Def:1),18 - 16,-2,Isaiah Joe,OKC,,,,
52,2POINT,1,5:15,Joe 11' Running Pull-Up Jump Shot (2 PTS),20 - 16,-4,Isaiah Joe,OKC,,,,
53,2POINTMISS,1,5:00,MISS Lively II 7' Hook Shot,20 - 16,-4,Dereck Lively II,DAL,,,,
54,REBOUND,1,4:59,Joe REBOUND (Off:0 Def:2),20 - 16,-4,Isaiah Joe,OKC,,,,
55,3POINTMISS,1,4:52,MISS Jay. Williams 26' 3PT Jump Shot,20 - 16,-4,Jaylin Williams,OKC,,,,
56,REBOUND,1,4:49,Jones Jr. REBOUND (Off:0 Def:1),20 - 16,-4,Derrick Jones Jr.,DAL,,,,
57,FOUL,1,4:31,Giddey S.FOUL (P1.T4) (M.Ervin),20 - 16,-4,Josh Giddey,OKC,Josh Green,DAL,,
58,FTMISS,1,4:31,MISS Green Free Throw 1 of 2,20 - 16,-4,Josh Green,DAL,,,,
59,REBOUND,1,4:31,MAVERICKS Rebound,20 - 16,-4,,,,,,
60,SUB,1,4:31,SUB: Hardy FOR Doncic,20 - 16,-4,Luka Doncic,DAL,Jaden Hardy,DAL,,
61,SUB,1,4:31,SUB: Wiggins FOR Dort,20 - 16,-4,Luguentz Dort,OKC,Aaron Wiggins,OKC,,
62,SUB,1,4:31,SUB: Wallace FOR Joe,20 - 16,-4,Isaiah Joe,OKC,Cason Wallace,OKC,,
63,FTMAKE,1,4:31,Green Free Throw 2 of 2 (3 PTS),20 - 17,-3,Josh Green,DAL,,,,
64,2POINTMISS,1,4:13,MISS Wallace 9' Driving Floating Jump Shot,20 - 17,-3,Cason Wallace,OKC,,,,
65,REBOUND,1,4:11,Lively II REBOUND (Off:0 Def:2),20 - 17,-3,Dereck Lively II,DAL,,,,
66,2POINT.ASSIST,1,4:02,Lively II 1' Cutting Dunk Shot (2 PTS) (Hardy 1 AST),20 - 19,-1,Dereck Lively II,DAL,Jaden Hardy,DAL,,
67,3POINTMISS,1,3:42,MISS Giddey 25' 3PT Jump Shot,20 - 19,-1,Josh Giddey,OKC,,,,
68,REBOUND,1,3:40,MAVERICKS Rebound,20 - 19,-1,,,,,,
69,2POINTMISS,1,3:36,MISS Hardy 4' Driving Floating Jump Shot,20 - 19,-1,Jaden Hardy,DAL,,,,
70,REBOUND,1,3:35,Hardy REBOUND (Off:1 Def:0),20 - 19,-1,Jaden Hardy,DAL,,,,
71,TURNOVER,1,3:24,Jones Jr. Out of Bounds Lost Ball Turnover (P2.T5),20 - 19,-1,Derrick Jones Jr.,DAL,,,,
72,TIMEOUT,1,3:24,Thunder Timeout: Regular (Reg.1 Short 0),20 - 19,-1,,,,,,
73,SUB,1,3:24,SUB: Hardaway Jr. FOR Jones Jr.,20 - 19,-1,Derrick Jones Jr.,DAL,Tim Hardaway Jr.,DAL,,
74,SUB,1,3:24,SUB: Gilgeous-Alexander FOR Jal. Williams,20 - 19,-1,Jalen Williams,OKC,Shai Gilgeous-Alexander,OKC,,
75,3POINT.ASSIST,1,3:06,Gilgeous-Alexander 3PT Step Back Jump Shot (5 PTS) (Jay. Williams 1 AST),23 - 19,-4,Shai Gilgeous-Alexander,OKC,Jaylin Williams,OKC,,
76,3POINTMISS,1,2:51,MISS Irving 25' 3PT Pullup Jump Shot,23 - 19,-4,Kyrie Irving,DAL,,,,
77,REBOUND,1,2:48,Gilgeous-Alexander REBOUND (Off:0 Def:2),23 - 19,-4,Shai Gilgeous-Alexander,OKC,,,,
78,2POINTMISS,1,2:40,MISS Gilgeous-Alexander 9' Fadeaway Jumper,23 - 19,-4,Shai Gilgeous-Alexander,OKC,,,,
79,REBOUND,1,2:38,Lively II REBOUND (Off:0 Def:3),23 - 19,-4,Dereck Lively II,DAL,,,,
80,3POINTMISS,1,2:29,MISS Hardy 25' 3PT Jump Shot,23 - 19,-4,Jaden Hardy,DAL,,,,
81,REBOUND,1,2:27,Hardaway Jr. REBOUND (Off:1 Def:0),23 - 19,-4,Tim Hardaway Jr.,DAL,,,,
82,2POINT.ASSIST,1,2:20,Lively II 1' Alley Oop Dunk (4 PTS) (Hardy 2 AST),23 - 21,-2,Dereck Lively II,DAL,Jaden Hardy,DAL,,
83,2POINT.ASSIST,1,1:58,Gilgeous-Alexander 13' Pullup Jump Shot (7 PTS) (Giddey 1 AST),25 - 21,-4,Shai Gilgeous-Alexander,OKC,Josh Giddey,OKC,,
84,3POINTMISS,1,1:39,MISS Hardaway Jr. 3PT Jump Shot,25 - 21,-4,Tim Hardaway Jr.,DAL,,,,
85,REBOUND,1,1:37,Jay. Williams REBOUND (Off:0 Def:1),25 - 21,-4,Jaylin Williams,OKC,,,,
86,FOUL,1,1:32,Hardy P.FOUL (P1.T3) (M.Ervin),25 - 21,-4,Jaden Hardy,DAL,Shai Gilgeous-Alexander,OKC,,
87,SUB,1,1:32,SUB: Doncic FOR Irving,25 - 21,-4,Kyrie Irving,DAL,Luka Doncic,DAL,,
88,SUB,1,1:32,SUB: Holmgren FOR Jay. Williams,25 - 21,-4,Jaylin Williams,OKC,Chet Holmgren,OKC,,
89,3POINTMISS,1,1:21,MISS Giddey 24' 3PT Jump Shot,25 - 21,-4,Josh Giddey,OKC,,,,
90,REBOUND,1,1:21,Thunder Rebound,25 - 21,-4,,,,,,
91,FOUL,1,1:21,Hardaway Jr. L.B.FOUL (P1.PN) (J.Tiven),25 - 21,-4,Tim Hardaway Jr.,DAL,Chet Holmgren,OKC,,
92,FTMAKE,1,1:21,Holmgren Free Throw 1 of 2 (4 PTS),26 - 21,-5,Chet Holmgren,OKC,,,,
93,SUB,1,1:21,SUB: Dort FOR Wiggins,26 - 21,-5,Aaron Wiggins,OKC,Luguentz Dort,OKC,,
94,FTMAKE,1,1:21,Holmgren Free Throw 2 of 2 (5 PTS),27 - 21,-6,Chet Holmgren,OKC,,,,
95,STEAL.TURNOVER,1,1:07,Lively II Lost Ball Turnover (P1.T6)Holmgren STEAL (2 STL),27 - 21,-6,Dereck Lively II,DAL,Chet Holmgren,OKC,,
96,3POINTMISS,1,0:59,MISS Dort 3PT Jump Shot,27 - 21,-6,Luguentz Dort,OKC,,,,
97,REBOUND,1,0:56,Lively II REBOUND (Off:0 Def:4),27 - 21,-6,Dereck Lively II,DAL,,,,
98,2POINTMISS,1,0:32,MISS Hardy 23' Floating Jump Shot,27 - 21,-6,Jaden Hardy,DAL,,,,
99,REBOUND,1,0:30,Giddey REBOUND (Off:0 Def:1),27 - 21,-6,Josh Giddey,OKC,,,,
100,JUMPBALL,1,0:21,Jump Ball Green vs. Giddey: Tip to Lively II,27 - 21,-6,Josh Green,DAL,Josh Giddey,OKC,Dereck Lively II,DAL
101,STEAL.TURNOVER,1,0:21,Green STEAL (1 STL)Giddey Lost Ball Turnover (P1.T2),27 - 21,-6,Josh Giddey,OKC,Josh Green,DAL,,
102,2POINT.ASSIST,1,0:04,Hardy 2' Driving Layup (2 PTS) (Doncic 1 AST),27 - 23,-4,Jaden Hardy,DAL,Luka Doncic,DAL,,
103,FOUL,1,0:04,Holmgren S.FOUL (P2.PN) (T.Brothers),27 - 23,-4,Chet Holmgren,OKC,Jaden Hardy,DAL,,
104,SUB,1,0:04,SUB: Jones Jr. FOR Doncic,27 - 23,-4,Luka Doncic,DAL,Derrick Jones Jr.,DAL,,
105,SUB,1,0:04,SUB: Joe FOR Giddey,27 - 23,-4,Josh Giddey,OKC,Isaiah Joe,OKC,,
106,SUB,1,0:04,SUB: Jal. Williams FOR Dort,27 - 23,-4,Luguentz Dort,OKC,Jalen Williams,OKC,,
107,FTMISS,1,0:04,MISS Hardy Free Throw 1 of 1,27 - 23,-4,Jaden Hardy,DAL,,,,
108,REBOUND,1,0:03,Jal. Williams REBOUND (Off:1 Def:1),27 - 23,-4,Jalen Williams,OKC,,,,
109,3POINT,1,0:00,Jal. Williams 40' 3PT Pullup Jump Shot (7 PTS),30 - 23,-7,Jalen Williams,OKC,,,,
110,ENDOFPERIOD,1,0:00,End of 1st Period (8:42 PM EST),30 - 23,-7,,,,,,
111,STARTOFPERIOD,2,12:00,Start of 2nd Period (8:45 PM EST),30 - 23,-7,,,,,,
112,3POINTMISS,2,11:39,MISS Jones Jr. 3PT Jump Shot,30 - 23,-7,Derrick Jones Jr.,DAL,,,,
113,REBOUND,2,11:36,Dort REBOUND (Off:0 Def:1),30 - 23,-7,Luguentz Dort,OKC,,,,
114,FOUL,2,11:32,Jones Jr. P.FOUL (P1.T1) (T.Brothers),30 - 23,-7,Derrick Jones Jr.,DAL,Shai Gilgeous-Alexander,OKC,,
115,SUB,2,11:32,SUB: Joe FOR Wallace,30 - 23,-7,Cason Wallace,OKC,Isaiah Joe,OKC,,
116,3POINTMISS.BLOCK,2,11:18,Hardaway Jr. BLOCK (1 BLK)MISS Joe 26' 3PT Jump Shot,30 - 23,-7,Isaiah Joe,OKC,,,Tim Hardaway Jr.,DAL
117,REBOUND,2,11:15,Gafford REBOUND (Off:1 Def:2),30 - 23,-7,Daniel Gafford,DAL,,,,
118,2POINT,2,11:07,Doncic 14' Step Back Jump Shot (10 PTS),30 - 25,-5,Luka Doncic,DAL,,,,
119,2POINTMISS,2,10:47,MISS Dort 1' Driving Reverse Layup,30 - 25,-5,Luguentz Dort,OKC,,,,
120,REBOUND,2,10:45,K. Williams REBOUND (Off:1 Def:0),30 - 25,-5,Kenrich Williams,OKC,,,,
121,2POINT,2,10:44,K. Williams 1' Putback Layup (2 PTS),32 - 25,-7,Kenrich Williams,OKC,,,,
122,2POINT.ASSIST,2,10:31,Hardaway Jr. 4' Turnaround Jump Shot (2 PTS) (Doncic 2 AST),32 - 27,-5,Tim Hardaway Jr.,DAL,Luka Doncic,DAL,,
123,2POINTMISS,2,10:13,MISS Gilgeous-Alexander 9' Driving Floating Jump Shot,32 - 27,-5,Shai Gilgeous-Alexander,OKC,,,,
124,REBOUND,2,10:12,Thunder Rebound,32 - 27,-5,,,,,,
125,FOUL,2,10:12,Doncic T.FOUL (P0.T1) (M.Ervin),32 - 27,-5,Luka Doncic,DAL,,,,
126,FTMAKE,2,10:12,Gilgeous-Alexander Free Throw Technical (8 PTS),33 - 27,-6,Shai Gilgeous-Alexander,OKC,,,,
127,3POINTMISS,2,10:03,MISS Dort 25' 3PT Jump Shot,33 - 27,-6,Luguentz Dort,OKC,,,,
128,REBOUND,2,9:59,Joe REBOUND (Off:1 Def:2),33 - 27,-6,Isaiah Joe,OKC,,,,
129,FOUL,2,9:57,Jones Jr. P.FOUL (P2.T2) (J.Tiven),33 - 27,-6,Derrick Jones Jr.,DAL,Shai Gilgeous-Alexander,OKC,,
130,2POINTMISS,2,9:48,MISS Gilgeous-Alexander 18' Step Back Jump Shot,33 - 27,-6,Shai Gilgeous-Alexander,OKC,,,,
131,REBOUND,2,9:46,Thunder Rebound,33 - 27,-6,,,,,,
132,SUB,2,9:46,SUB: Irving FOR Hardaway Jr.,33 - 27,-6,Tim Hardaway Jr.,DAL,Kyrie Irving,DAL,,
133,SUB,2,9:46,SUB: Wallace FOR Joe,33 - 27,-6,Isaiah Joe,OKC,Cason Wallace,OKC,,
134,2POINT,2,9:39,Gilgeous-Alexander 2' Driving Layup (10 PTS),35 - 27,-8,Shai Gilgeous-Alexander,OKC,,,,
135,TURNOVER,2,9:28,Irving Out of Bounds - Bad Pass Turnover Turnover (P1.T7),35 - 27,-8,Kyrie Irving,DAL,,,,
136,FOUL,2,9:17,Washington S.FOUL (P3.T3) (T.Brothers),35 - 27,-8,P.J. Washington,DAL,Shai Gilgeous-Alexander,OKC,,
137,FTMISS,2,9:17,MISS Gilgeous-Alexander Free Throw 1 of 2,35 - 27,-8,Shai Gilgeous-Alexander,OKC,,,,
138,REBOUND,2,9:17,Thunder Rebound,35 - 27,-8,,,,,,
139,SUB,2,9:17,SUB: Green FOR Washington,35 - 27,-8,P.J. Washington,DAL,Josh Green,DAL,,
140,FTMAKE,2,9:17,Gilgeous-Alexander Free Throw 2 of 2 (11 PTS),36 - 27,-9,Shai Gilgeous-Alexander,OKC,,,,
141,3POINTMISS,2,8:54,MISS Jones Jr. 3PT Jump Shot,36 - 27,-9,Derrick Jones Jr.,DAL,,,,
142,REBOUND,2,8:51,Dort REBOUND (Off:0 Def:2),36 - 27,-9,Luguentz Dort,OKC,,,,
143,2POINT,2,8:43,Gilgeous-Alexander 15' Fadeaway Jumper (13 PTS),38 - 27,-11,Shai Gilgeous-Alexander,OKC,,,,
144,FOUL,2,8:43,Green S.FOUL (P1.T4) (J.Tiven),38 - 27,-11,Josh Green,DAL,Shai Gilgeous-Alexander,OKC,,
145,FTMISS,2,8:43,MISS Gilgeous-Alexander Free Throw 1 of 1,38 - 27,-11,Shai Gilgeous-Alexander,OKC,,,,
146,REBOUND,2,8:40,Gafford REBOUND (Off:1 Def:3),38 - 27,-11,Daniel Gafford,DAL,,,,
147,FOUL,2,8:30,Holmgren S.FOUL (P3.T1) (J.Tiven),38 - 27,-11,Chet Holmgren,OKC,Daniel Gafford,DAL,,
148,FTMISS,2,8:30,MISS Gafford Free Throw 1 of 2,38 - 27,-11,Daniel Gafford,DAL,,,,
149,REBOUND,2,8:30,MAVERICKS Rebound,38 - 27,-11,,,,,,
150,SUB,2,8:30,SUB: Jay. Williams FOR Holmgren,38 - 27,-11,Chet Holmgren,OKC,Jaylin Williams,OKC,,
151,SUB,2,8:30,SUB: Giddey FOR K. Williams,38 - 27,-11,Kenrich Williams,OKC,Josh Giddey,OKC,,
152,FTMAKE,2,8:30,Gafford Free Throw 2 of 2 (3 PTS),38 - 28,-10,Daniel Gafford,DAL,,,,
153,3POINTMISS.BLOCK,2,8:09,Gafford BLOCK (1 BLK)MISS Dort 3PT Jump Shot,38 - 28,-10,Luguentz Dort,OKC,,,Daniel Gafford,DAL
154,REBOUND,2,8:09,Thunder Rebound,38 - 28,-10,,,,,,
155,SUB,2,8:09,SUB: Lively II FOR Gafford,38 - 28,-10,Daniel Gafford,DAL,Dereck Lively II,DAL,,
156,2POINTMISS,2,8:05,MISS Dort 9' Driving Floating Bank Jump Shot,38 - 28,-10,Luguentz Dort,OKC,,,,
157,REBOUND,2,8:03,Giddey REBOUND (Off:1 Def:1),38 - 28,-10,Josh Giddey,OKC,,,,
158,3POINTMISS,2,7:57,MISS Jay. Williams 25' 3PT Jump Shot,38 - 28,-10,Jaylin Williams,OKC,,,,
159,REBOUND,2,7:54,Giddey REBOUND (Off:2 Def:1),38 - 28,-10,Josh Giddey,OKC,,,,
160,3POINTMISS,2,7:43,MISS Gilgeous-Alexander 26' 3PT Step Back Jump Shot,38 - 28,-10,Shai Gilgeous-Alexander,OKC,,,,
161,REBOUND,2,7:40,Irving REBOUND (Off:0 Def:1),38 - 28,-10,Kyrie Irving,DAL,,,,
162,2POINT,2,7:36,Irving 2' Running Layup (4 PTS),38 - 30,-8,Kyrie Irving,DAL,,,,
163,STEAL.TURNOVER,2,7:22,Doncic STEAL (1 STL)Dort Lost Ball Turnover (P1.T3),38 - 30,-8,Luguentz Dort,OKC,Luka Doncic,DAL,,
164,2POINT,2,7:14,Doncic 2' Driving Layup (12 PTS),38 - 32,-6,Luka Doncic,DAL,,,,
165,TIMEOUT,2,7:14,Thunder Timeout: Regular (Reg.2 Short 0),38 - 32,-6,,,,,,
166,SUB,2,7:14,SUB: Jal. Williams FOR Gilgeous-Alexander,38 - 32,-6,Shai Gilgeous-Alexander,OKC,Jalen Williams,OKC,,
167,SUB,2,7:14,SUB: Joe FOR Giddey,38 - 32,-6,Josh Giddey,OKC,Isaiah Joe,OKC,,
168,2POINTMISS,2,6:56,MISS Joe 1' Driving Reverse Layup,38 - 32,-6,Isaiah Joe,OKC,,,,
169,REBOUND,2,6:54,Green REBOUND (Off:0 Def:2),38 - 32,-6,Josh Green,DAL,,,,
170,2POINT.ASSIST,2,6:48,Jones Jr. 1' Alley Oop Dunk (4 PTS) (Doncic 3 AST),38 - 34,-4,Derrick Jones Jr.,DAL,Luka Doncic,DAL,,
171,2POINTMISS,2,6:32,MISS Jal. Williams 3' Driving Layup,38 - 34,-4,Jalen Williams,OKC,,,,
172,REBOUND,2,6:32,Lively II REBOUND (Off:0 Def:5),38 - 34,-4,Dereck Lively II,DAL,,,,
173,SUB,2,6:25,SUB: Holmgren FOR Jay. Williams,38 - 34,-4,Jaylin Williams,OKC,Chet Holmgren,OKC,,
174,SUB,2,6:25,SUB: Gilgeous-Alexander FOR Wallace,38 - 34,-4,Cason Wallace,OKC,Shai Gilgeous-Alexander,OKC,,
175,3POINTMISS.BLOCK,2,6:15,MISS Doncic 25' 3PT Step Back Jump ShotGilgeous-Alexander BLOCK (2 BLK),38 - 34,-4,Luka Doncic,DAL,,,Shai Gilgeous-Alexander,OKC
176,REBOUND,2,6:12,Dort REBOUND (Off:0 Def:3),38 - 34,-4,Luguentz Dort,OKC,,,,
177,TURNOVER,2,6:08,Holmgren Offensive Goaltending Turnover (P1.T4),38 - 34,-4,Chet Holmgren,OKC,,,,
178,FOUL,2,5:53,Dort P.FOUL (P2.T2) (M.Ervin),38 - 34,-4,Luguentz Dort,OKC,Dereck Lively II,DAL,,
179,SUB,2,5:53,SUB: Hardy FOR Irving,38 - 34,-4,Kyrie Irving,DAL,Jaden Hardy,DAL,,
180,3POINT.ASSIST,2,5:48,Green 25' 3PT Jump Shot (6 PTS) (Lively II 1 AST),38 - 37,-1,Josh Green,DAL,Dereck Lively II,DAL,,
181,2POINT,2,5:37,Gilgeous-Alexander 2' Driving Reverse Layup (15 PTS),40 - 37,-3,Shai Gilgeous-Alexander,OKC,,,,
182,2POINT,2,5:18,Jones Jr. 4' Driving Layup (6 PTS),40 - 39,-1,Derrick Jones Jr.,DAL,,,,
183,3POINTMISS,2,5:07,MISS Holmgren 26' 3PT Jump Shot,40 - 39,-1,Chet Holmgren,OKC,,,,
184,REBOUND,2,5:05,Doncic REBOUND (Off:0 Def:3),40 - 39,-1,Luka Doncic,DAL,,,,
185,FOUL,2,5:00,Dort P.FOUL (P3.T3) (M.Ervin),40 - 39,-1,Luguentz Dort,OKC,Dereck Lively II,DAL,,
186,3POINT.ASSIST,2,4:54,Doncic 26' 3PT Jump Shot (15 PTS) (Lively II 2 AST),40 - 42,2,Luka Doncic,DAL,Dereck Lively II,DAL,,
187,FOUL,2,4:43,Doncic S.FOUL (P1.PN) (M.Ervin),40 - 42,2,Luka Doncic,DAL,Shai Gilgeous-Alexander,OKC,,
188,TIMEOUT,2,4:43,MAVERICKS Timeout: Regular (Full 2 Short 0),40 - 42,2,,,,,,
189,SUB,2,4:43,SUB: Irving FOR Green,40 - 42,2,Josh Green,DAL,Kyrie Irving,DAL,,
190,SUB,2,4:43,SUB: Wallace FOR Dort,40 - 42,2,Luguentz Dort,OKC,Cason Wallace,OKC,,
191,FTMISS,2,4:43,MISS Gilgeous-Alexander Free Throw 1 of 2,40 - 42,2,Shai Gilgeous-Alexander,OKC,,,,
192,REBOUND,2,4:43,Thunder Rebound,40 - 42,2,,,,,,
193,FTMAKE,2,4:43,Gilgeous-Alexander Free Throw 2 of 2 (16 PTS),41 - 42,1,Shai Gilgeous-Alexander,OKC,,,,
194,FOUL,2,4:32,Doncic Offensive Charge Foul (P2) (T.Brothers),41 - 42,1,Luka Doncic,DAL,Isaiah Joe,OKC,,
195,TURNOVER,2,4:32,Doncic Offensive Foul Turnover (P4.T8),41 - 42,1,Luka Doncic,DAL,,,,
196,3POINTMISS,2,4:16,MISS Holmgren 26' 3PT Jump Shot,41 - 42,1,Chet Holmgren,OKC,,,,
197,REBOUND,2,4:15,Doncic REBOUND (Off:0 Def:4),41 - 42,1,Luka Doncic,DAL,,,,
198,2POINTMISS,2,4:06,MISS Irving 4' Driving Bank Hook Shot,41 - 42,1,Kyrie Irving,DAL,,,,
199,REBOUND,2,4:02,Jal. Williams REBOUND (Off:1 Def:2),41 - 42,1,Jalen Williams,OKC,,,,
200,2POINT.ASSIST,2,3:54,Holmgren 1' Dunk (7 PTS) (Gilgeous-Alexander 3 AST),43 - 42,-1,Chet Holmgren,OKC,Shai Gilgeous-Alexander,OKC,,
201,STEAL.TURNOVER,2,3:40,Irving Bad Pass Turnover (P2.T9)Joe STEAL (1 STL),43 - 42,-1,Kyrie Irving,DAL,Isaiah Joe,OKC,,
202,2POINT.ASSIST,2,3:36,Jal. Williams 1' Running Dunk (9 PTS) (Joe 2 AST),45 - 42,-3,Jalen Williams,OKC,Isaiah Joe,OKC,,
203,TURNOVER,2,3:19,Doncic Traveling Turnover (P5.T10),45 - 42,-3,Luka Doncic,DAL,,,,
204,SUB,2,3:19,SUB: Green FOR Lively II,45 - 42,-3,Dereck Lively II,DAL,Josh Green,DAL,,
205,SUB,2,3:19,SUB: Gafford FOR Jones Jr.,45 - 42,-3,Derrick Jones Jr.,DAL,Daniel Gafford,DAL,,
206,3POINT.ASSIST,2,3:05,Wallace 3PT Jump Shot (3 PTS) (Holmgren 1 AST),48 - 42,-6,Cason Wallace,OKC,Chet Holmgren,OKC,,
207,2POINT.ASSIST,2,2:52,Gafford 2' Alley Oop Dunk (5 PTS) (Hardy 3 AST),48 - 44,-4,Daniel Gafford,DAL,Jaden Hardy,DAL,,
208,2POINT,2,2:37,Gilgeous-Alexander 9' Floating Jump Shot (18 PTS),50 - 44,-6,Shai Gilgeous-Alexander,OKC,,,,
209,STEAL.TURNOVER,2,2:24,Gafford Lost Ball Turnover (P1.T11)Wallace STEAL (1 STL),50 - 44,-6,Daniel Gafford,DAL,Cason Wallace,OKC,,
210,3POINT.ASSIST,2,2:19,Joe 3PT Running Jump Shot (5 PTS) (Jal. Williams 2 AST),53 - 44,-9,Isaiah Joe,OKC,Jalen Williams,OKC,,
211,3POINT.ASSIST,2,1:59,Hardy 3PT Jump Shot (5 PTS) (Green 1 AST),53 - 47,-6,Jaden Hardy,DAL,Josh Green,DAL,,
212,3POINT.ASSIST,2,1:41,Gilgeous-Alexander 3PT Step Back Jump Shot (21 PTS) (Wallace 1 AST),56 - 47,-9,Shai Gilgeous-Alexander,OKC,Cason Wallace,OKC,,
213,3POINTMISS,2,1:23,MISS Hardy 3PT Jump Shot,56 - 47,-9,Jaden Hardy,DAL,,,,
214,REBOUND,2,1:21,Holmgren REBOUND (Off:0 Def:1),56 - 47,-9,Chet Holmgren,OKC,,,,
215,2POINT,2,1:14,Holmgren 7' Driving Floating Jump Shot (9 PTS),58 - 47,-11,Chet Holmgren,OKC,,,,
216,FOUL,2,1:00,Wallace P.FOUL (P1.T4) (M.Ervin),58 - 47,-11,Cason Wallace,OKC,Luka Doncic,DAL,,
217,SUB,2,1:00,SUB: Jay. Williams FOR Holmgren,58 - 47,-11,Chet Holmgren,OKC,Jaylin Williams,OKC,,
218,2POINTMISS,2,0:48,MISS Gafford 19' Jump Shot,58 - 47,-11,Daniel Gafford,DAL,,,,
219,REBOUND,2,0:46,MAVERICKS Rebound,58 - 47,-11,,,,,,
220,TURNOVER,2,0:46,MAVERICKS Turnover: Shot Clock (T#12),58 - 47,-11,,,,,,
221,3POINT.ASSIST,2,0:33,Jay. Williams 3PT Jump Shot (3 PTS) (Jal. Williams 3 AST),61 - 47,-14,Jaylin Williams,OKC,Jalen Williams,OKC,,
222,2POINTMISS,2,0:17,MISS Irving 1' Driving Layup,61 - 47,-14,Kyrie Irving,DAL,,,,
223,REBOUND,2,0:15,Gafford REBOUND (Off:3 Def:3),61 - 47,-14,Daniel Gafford,DAL,,,,
224,2POINTMISS,2,0:15,MISS Gafford Tip Layup Shot,61 - 47,-14,Daniel Gafford,DAL,,,,
225,REBOUND,2,0:15,Gafford REBOUND (Off:3 Def:3),61 - 47,-14,Daniel Gafford,DAL,,,,
226,FOUL,2,0:15,Wallace S.FOUL (P2.PN) (T.Brothers),61 - 47,-14,Cason Wallace,OKC,Daniel Gafford,DAL,,
227,FTMISS,2,0:15,MISS Gafford Free Throw 1 of 2,61 - 47,-14,Daniel Gafford,DAL,,,,
228,REBOUND,2,0:15,MAVERICKS Rebound,61 - 47,-14,,,,,,
229,SUB,2,0:15,SUB: Jones Jr. FOR Hardy,61 - 47,-14,Jaden Hardy,DAL,Derrick Jones Jr.,DAL,,
230,FTMAKE,2,0:15,Gafford Free Throw 2 of 2 (6 PTS),61 - 48,-13,Daniel Gafford,DAL,,,,
231,3POINT.ASSIST,2,0:01,Joe 26' 3PT Step Back Jump Shot (8 PTS) (Gilgeous-Alexander 4 AST),64 - 48,-16,Isaiah Joe,OKC,Shai Gilgeous-Alexander,OKC,,
232,ENDOFPERIOD,2,0:00,End of 2nd Period (9:16 PM EST),64 - 48,-16,,,,,,
233,STARTOFPERIOD,3,12:00,Start of 3rd Period (9:33 PM EST),64 - 48,-16,,,,,,
234,3POINT.ASSIST,3,11:45,Jones Jr. 24' 3PT Jump Shot (9 PTS) (Irving 1 AST),64 - 51,-13,Derrick Jones Jr.,DAL,Kyrie Irving,DAL,,
235,2POINT.ASSIST,3,11:20,Holmgren 1' Cutting Dunk Shot (11 PTS) (Gilgeous-Alexander 5 AST),66 - 51,-15,Chet Holmgren,OKC,Shai Gilgeous-Alexander,OKC,,
236,2POINT.ASSIST,3,11:07,Jones Jr. 2' Driving Layup (11 PTS) (Doncic 4 AST),66 - 53,-13,Derrick Jones Jr.,DAL,Luka Doncic,DAL,,
237,2POINT.ASSIST,3,10:51,Jal. Williams 2' Cutting Layup Shot (11 PTS) (Gilgeous-Alexander 6 AST),68 - 53,-15,Jalen Williams,OKC,Shai Gilgeous-Alexander,OKC,,
238,2POINTMISS,3,10:41,MISS Irving 5' Driving Layup,68 - 53,-15,Kyrie Irving,DAL,,,,
239,REBOUND,3,10:38,Gafford REBOUND (Off:4 Def:3),68 - 53,-15,Daniel Gafford,DAL,,,,
240,2POINT,3,10:38,Gafford Tip Layup Shot (8 PTS),68 - 55,-13,Daniel Gafford,DAL,,,,
241,2POINTMISS,3,10:26,MISS Gilgeous-Alexander 10' Driving Floating Jump Shot,68 - 55,-13,Shai Gilgeous-Alexander,OKC,,,,
242,REBOUND,3,10:24,Doncic REBOUND (Off:0 Def:5),68 - 55,-13,Luka Doncic,DAL,,,,
243,3POINT.ASSIST,3,10:15,Jones Jr. 26' 3PT Jump Shot (14 PTS) (Doncic 5 AST),68 - 58,-10,Derrick Jones Jr.,DAL,Luka Doncic,DAL,,
244,3POINT.ASSIST,3,9:49,Jal. Williams 25' 3PT Jump Shot (14 PTS) (Joe 3 AST),71 - 58,-13,Jalen Williams,OKC,Isaiah Joe,OKC,,
245,3POINTMISS,3,9:37,MISS Washington 25' 3PT Pullup Jump Shot,71 - 58,-13,P.J. Washington,DAL,,,,
246,REBOUND,3,9:33,Jal. Williams REBOUND (Off:1 Def:3),71 - 58,-13,Jalen Williams,OKC,,,,
247,FOUL,3,9:30,Jones Jr. S.FOUL (P3.T1) (M.Ervin),71 - 58,-13,Derrick Jones Jr.,DAL,Jalen Williams,OKC,,
248,FTMAKE,3,9:30,Jal. Williams Free Throw 1 of 2 (15 PTS),72 - 58,-14,Jalen Williams,OKC,,,,
249,SUB,3,9:30,SUB: Lively II FOR Gafford,72 - 58,-14,Daniel Gafford,DAL,Dereck Lively II,DAL,,
250,FTMAKE,3,9:30,Jal. Williams Free Throw 2 of 2 (16 PTS),73 - 58,-15,Jalen Williams,OKC,,,,
251,TURNOVER,3,9:20,Irving Out of Bounds Lost Ball Turnover (P3.T13),73 - 58,-15,Kyrie Irving,DAL,,,,
252,2POINT.ASSIST,3,8:57,Holmgren 1' Alley Oop Dunk (13 PTS) (Jal. Williams 4 AST),75 - 58,-17,Chet Holmgren,OKC,Jalen Williams,OKC,,
253,2POINT.ASSIST,3,8:41,Irving 2' Driving Finger Roll Layup (6 PTS) (Lively II 3 AST),75 - 60,-15,Kyrie Irving,DAL,Dereck Lively II,DAL,,
254,2POINT.ASSIST,3,8:25,Holmgren 11' Jump Shot (15 PTS) (Gilgeous-Alexander 7 AST),77 - 60,-17,Chet Holmgren,OKC,Shai Gilgeous-Alexander,OKC,,
255,2POINT,3,8:13,Doncic 3' Driving Layup (17 PTS),77 - 62,-15,Luka Doncic,DAL,,,,
256,FOUL,3,8:13,Dort S.FOUL (P4.T1) (M.Ervin),77 - 62,-15,Luguentz Dort,OKC,Luka Doncic,DAL,,
257,FTMAKE,3,8:13,Doncic Free Throw 1 of 1 (18 PTS),77 - 63,-14,Luka Doncic,DAL,,,,
258,FOUL,3,8:10,Irving P.FOUL (P1.T2) (M.Ervin),77 - 63,-14,Kyrie Irving,DAL,Luguentz Dort,OKC,,
259,2POINTMISS,3,7:55,MISS Gilgeous-Alexander 7' Driving Floating Jump Shot,77 - 63,-14,Shai Gilgeous-Alexander,OKC,,,,
260,REBOUND,3,7:53,Doncic REBOUND (Off:0 Def:6),77 - 63,-14,Luka Doncic,DAL,,,,
261,FOUL,3,7:49,Doncic OFF.Foul (P3) (T.Brothers),77 - 63,-14,Luka Doncic,DAL,Luguentz Dort,OKC,,
262,TURNOVER,3,7:49,Doncic Offensive Foul Turnover (P6.T14),77 - 63,-14,Luka Doncic,DAL,,,,
263,SUB,3,7:49,SUB: Jay. Williams FOR Dort,77 - 63,-14,Luguentz Dort,OKC,Jaylin Williams,OKC,,
264,SUB,3,7:49,SUB: Wallace FOR Holmgren,77 - 63,-14,Chet Holmgren,OKC,Cason Wallace,OKC,,
265,STEAL.TURNOVER,3,7:37,Lively II STEAL (1 STL)Wallace Bad Pass Turnover (P1.T5),77 - 63,-14,Cason Wallace,OKC,Dereck Lively II,DAL,,
266,2POINTMISS.BLOCK,3,7:33,MISS Jones Jr. 3' Running LayupWallace BLOCK (1 BLK),77 - 63,-14,Derrick Jones Jr.,DAL,,,Cason Wallace,OKC
267,REBOUND,3,7:31,Jones Jr. REBOUND (Off:1 Def:1),77 - 63,-14,Derrick Jones Jr.,DAL,,,,
268,3POINT.ASSIST,3,7:29,Irving 25' 3PT Jump Shot (9 PTS) (Jones Jr. 1 AST),77 - 66,-11,Kyrie Irving,DAL,Derrick Jones Jr.,DAL,,
269,STEAL.TURNOVER,3,7:15,Doncic STEAL (2 STL)Wallace Bad Pass Turnover (P2.T6),77 - 66,-11,Cason Wallace,OKC,Luka Doncic,DAL,,
270,3POINT,3,7:09,Doncic 28' 3PT Step Back Jump Shot (21 PTS),77 - 69,-8,Luka Doncic,DAL,,,,
271,3POINTMISS.BLOCK,3,6:51,Lively II BLOCK (1 BLK)MISS Wallace 3PT Jump Shot,77 - 69,-8,Cason Wallace,OKC,,,Dereck Lively II,DAL
272,REBOUND,3,6:48,Washington REBOUND (Off:0 Def:1),77 - 69,-8,P.J. Washington,DAL,,,,
273,FOUL,3,6:44,Jay. Williams S.FOUL (P1.T2) (M.Ervin),77 - 69,-8,Jaylin Williams,OKC,Luka Doncic,DAL,,
274,TIMEOUT,3,6:44,MAVERICKS Timeout: Regular (Full 3 Short 0),77 - 69,-8,,,,,,
275,FTMAKE,3,6:44,Doncic Free Throw 1 of 2 (22 PTS),77 - 70,-7,Luka Doncic,DAL,,,,
276,FTMAKE,3,6:44,Doncic Free Throw 2 of 2 (23 PTS),77 - 71,-6,Luka Doncic,DAL,,,,
277,2POINTMISS,3,6:31,MISS Jal. Williams 17' Pullup Jump Shot,77 - 71,-6,Jalen Williams,OKC,,,,
278,REBOUND,3,6:29,Lively II REBOUND (Off:0 Def:6),77 - 71,-6,Dereck Lively II,DAL,,,,
279,STEAL.TURNOVER,3,6:20,Doncic Bad Pass Turnover (P7.T15)Jal. Williams STEAL (2 STL),77 - 71,-6,Luka Doncic,DAL,Jalen Williams,OKC,,
280,FOUL,3,6:20,Lively II P.FOUL (P1.T3) (T.Brothers),77 - 71,-6,Dereck Lively II,DAL,Jalen Williams,OKC,,
281,2POINTMISS,3,6:09,MISS Gilgeous-Alexander 12' Fadeaway Jumper,77 - 71,-6,Shai Gilgeous-Alexander,OKC,,,,
282,REBOUND,3,6:07,Lively II REBOUND (Off:0 Def:7),77 - 71,-6,Dereck Lively II,DAL,,,,
283,2POINT,3,6:00,Irving 13' Pullup Jump Shot (11 PTS),77 - 73,-4,Kyrie Irving,DAL,,,,
284,3POINTMISS,3,5:45,MISS Wallace 25' 3PT Jump Shot,77 - 73,-4,Cason Wallace,OKC,,,,
285,REBOUND,3,5:42,Jal. Williams REBOUND (Off:2 Def:3),77 - 73,-4,Jalen Williams,OKC,,,,
286,2POINTMISS,3,5:32,MISS Gilgeous-Alexander 8' Driving Floating Jump Shot,77 - 73,-4,Shai Gilgeous-Alexander,OKC,,,,
287,REBOUND,3,5:30,Lively II REBOUND (Off:0 Def:8),77 - 73,-4,Dereck Lively II,DAL,,,,
288,SUB,3,5:18,SUB: Dort FOR Gilgeous-Alexander,77 - 73,-4,Shai Gilgeous-Alexander,OKC,Luguentz Dort,OKC,,
289,SUB,3,5:18,SUB: Wiggins FOR Joe,77 - 73,-4,Isaiah Joe,OKC,Aaron Wiggins,OKC,,
290,JUMPBALL,3,5:11,Jump Ball Lively II vs. Jay. Williams: Tip to Wallace,77 - 73,-4,Dereck Lively II,DAL,Jaylin Williams,OKC,Cason Wallace,OKC
291,STEAL.TURNOVER,3,5:11,Irving Bad Pass Turnover (P4.T16)Jay. Williams STEAL (1 STL),77 - 73,-4,Kyrie Irving,DAL,Jaylin Williams,OKC,,
292,TURNOVER,3,5:06,Dort Step Out of Bounds Turnover (P2.T7),77 - 73,-4,Luguentz Dort,OKC,,,,
293,2POINTMISS,3,4:49,MISS Irving 4' Driving Layup,77 - 73,-4,Kyrie Irving,DAL,,,,
294,REBOUND,3,4:47,Lively II REBOUND (Off:1 Def:8),77 - 73,-4,Dereck Lively II,DAL,,,,
295,SUB,3,4:44,SUB: Green FOR Jones Jr.,77 - 73,-4,Derrick Jones Jr.,DAL,Josh Green,DAL,,
296,3POINTMISS,3,4:42,MISS Irving 3PT Jump Shot,77 - 73,-4,Kyrie Irving,DAL,,,,
297,REBOUND,3,4:38,Wiggins REBOUND (Off:0 Def:1),77 - 73,-4,Aaron Wiggins,OKC,,,,
298,FOUL,3,4:28,MAVERICKS T.Foul (Def. 3 Sec Lively II ) (M.Ervin),77 - 73,-4,Dereck Lively II,DAL,,,,
299,FTMAKE,3,4:28,Jal. Williams Free Throw Technical (17 PTS),78 - 73,-5,Jalen Williams,OKC,,,,
300,2POINTMISS,3,4:18,MISS Wiggins 17' Pullup Jump Shot,78 - 73,-5,Aaron Wiggins,OKC,,,,
301,REBOUND,3,4:15,Washington REBOUND (Off:0 Def:2),78 - 73,-5,P.J. Washington,DAL,,,,
302,3POINTMISS,3,4:04,MISS Green 3PT Jump Shot,78 - 73,-5,Josh Green,DAL,,,,
303,REBOUND,3,4:03,Thunder Rebound,78 - 73,-5,,,,,,
304,FOUL,3,4:03,Irving L.B.FOUL (P2.T4) (T.Brothers),78 - 73,-5,Kyrie Irving,DAL,Jalen Williams,OKC,,
305,FOUL,3,3:58,Irving P.FOUL (P3.PN) (J.Tiven),78 - 73,-5,Kyrie Irving,DAL,Jaylin Williams,OKC,,
306,FTMISS,3,3:58,MISS Jay. Williams Free Throw 1 of 2,78 - 73,-5,Jaylin Williams,OKC,,,,
307,REBOUND,3,3:58,Thunder Rebound,78 - 73,-5,,,,,,
308,SUB,3,3:58,SUB: Hardy FOR Irving,78 - 73,-5,Kyrie Irving,DAL,Jaden Hardy,DAL,,
309,FTMAKE,3,3:58,Jay. Williams Free Throw 2 of 2 (4 PTS),79 - 73,-6,Jaylin Williams,OKC,,,,
310,FOUL,3,3:49,Wallace P.FOUL (P3.T3) (T.Brothers),79 - 73,-6,Cason Wallace,OKC,Jaden Hardy,DAL,,
311,SUB,3,3:49,SUB: Gafford FOR Lively II,79 - 73,-6,Dereck Lively II,DAL,Daniel Gafford,DAL,,
312,SUB,3,3:49,SUB: Giddey FOR Wallace,79 - 73,-6,Cason Wallace,OKC,Josh Giddey,OKC,,
313,STEAL.TURNOVER,3,3:42,Hardy Bad Pass Turnover (P1.T17)Dort STEAL (3 STL),79 - 73,-6,Jaden Hardy,DAL,Luguentz Dort,OKC,,
314,FOUL,3,3:39,Hardy S.FOUL (P2.PN) (T.Brothers),79 - 73,-6,Jaden Hardy,DAL,Luguentz Dort,OKC,,
315,TIMEOUT,3,3:39,Thunder Timeout: Regular (Reg.3 Short 0),79 - 73,-6,,,,,,
316,SUB,3,3:39,SUB: Gilgeous-Alexander FOR Jal. Williams,79 - 73,-6,Jalen Williams,OKC,Shai Gilgeous-Alexander,OKC,,
317,FTMAKE,3,3:39,Dort Free Throw 1 of 2 (10 PTS),80 - 73,-7,Luguentz Dort,OKC,,,,
318,FTMAKE,3,3:39,Dort Free Throw 2 of 2 (11 PTS),81 - 73,-8,Luguentz Dort,OKC,,,,
319,FOUL,3,3:29,Gilgeous-Alexander P.FOUL (P1.T4) (T.Brothers),81 - 73,-8,Shai Gilgeous-Alexander,OKC,P.J. Washington,DAL,,
320,SUB,3,3:29,SUB: Irving FOR Hardy,81 - 73,-8,Jaden Hardy,DAL,Kyrie Irving,DAL,,
321,SUB,3,3:29,SUB: Jones Jr. FOR Green,81 - 73,-8,Josh Green,DAL,Derrick Jones Jr.,DAL,,
322,SUB,3,3:29,SUB: Holmgren FOR Jay. Williams,81 - 73,-8,Jaylin Williams,OKC,Chet Holmgren,OKC,,
323,2POINTMISS,3,3:14,MISS Doncic 15' Jump Shot,81 - 73,-8,Luka Doncic,DAL,,,,
324,REBOUND,3,3:12,Wiggins REBOUND (Off:0 Def:2),81 - 73,-8,Aaron Wiggins,OKC,,,,
325,3POINTMISS,3,2:51,MISS Holmgren 3PT Jump Shot,81 - 73,-8,Chet Holmgren,OKC,,,,
326,REBOUND,3,2:50,Thunder Rebound,81 - 73,-8,,,,,,
327,TURNOVER,3,2:50,Thunder Turnover: Shot Clock (T#8),81 - 73,-8,,,,,,
328,3POINTMISS,3,2:39,MISS Doncic 29' 3PT Step Back Jump Shot,81 - 73,-8,Luka Doncic,DAL,,,,
329,REBOUND,3,2:37,MAVERICKS Rebound,81 - 73,-8,,,,,,
330,3POINT.ASSIST,3,2:30,Irving 25' 3PT Pullup Jump Shot (14 PTS) (Gafford 1 AST),81 - 76,-5,Kyrie Irving,DAL,Daniel Gafford,DAL,,
331,2POINT,3,2:13,Gilgeous-Alexander 8' Driving Floating Bank Jump Shot (23 PTS),83 - 76,-7,Shai Gilgeous-Alexander,OKC,,,,
332,3POINTMISS,3,1:55,MISS Irving 26' 3PT Pullup Jump Shot,83 - 76,-7,Kyrie Irving,DAL,,,,
333,REBOUND,3,1:55,Holmgren REBOUND (Off:0 Def:2),83 - 76,-7,Chet Holmgren,OKC,,,,
334,3POINT,3,1:47,Gilgeous-Alexander 25' 3PT Step Back Jump Shot (26 PTS),86 - 76,-10,Shai Gilgeous-Alexander,OKC,,,,
335,2POINT.ASSIST,3,1:34,Gafford 3' Hook Shot (10 PTS) (Irving 2 AST),86 - 78,-8,Daniel Gafford,DAL,Kyrie Irving,DAL,,
336,2POINT,3,1:20,Gilgeous-Alexander 16' Step Back Jump Shot (28 PTS),88 - 78,-10,Shai Gilgeous-Alexander,OKC,,,,
337,2POINTMISS,3,1:07,MISS Irving 7' Driving Floating Bank Jump Shot,88 - 78,-10,Kyrie Irving,DAL,,,,
338,REBOUND,3,1:04,Wiggins REBOUND (Off:0 Def:3),88 - 78,-10,Aaron Wiggins,OKC,,,,
339,3POINTMISS,3,0:57,MISS Wiggins 3PT Jump Shot,88 - 78,-10,Aaron Wiggins,OKC,,,,
340,REBOUND,3,0:55,Giddey REBOUND (Off:3 Def:1),88 - 78,-10,Josh Giddey,OKC,,,,
341,2POINT,3,0:54,Giddey 1' Putback Layup (2 PTS),90 - 78,-12,Josh Giddey,OKC,,,,
342,TIMEOUT,3,0:45,MAVERICKS Timeout: Regular (Full 4 Short 0),90 - 78,-12,,,,,,
343,SUB,3,0:45,SUB: Lively II FOR Gafford,90 - 78,-12,Daniel Gafford,DAL,Dereck Lively II,DAL,,
344,SUB,3,0:45,SUB: Jal. Williams FOR Giddey,90 - 78,-12,Josh Giddey,OKC,Jalen Williams,OKC,,
345,SUB,3,0:45,SUB: Joe FOR Wiggins,90 - 78,-12,Aaron Wiggins,OKC,Isaiah Joe,OKC,,
346,FOUL,3,0:40,Dort P.FOUL (P5.PN) (M.Ervin),90 - 78,-12,Luguentz Dort,OKC,Luka Doncic,DAL,,
347,FTMAKE,3,0:40,Doncic Free Throw 1 of 2 (24 PTS),90 - 79,-11,Luka Doncic,DAL,,,,
348,SUB,3,0:40,SUB: Wallace FOR Dort,90 - 79,-11,Luguentz Dort,OKC,Cason Wallace,OKC,,
349,FTMAKE,3,0:40,Doncic Free Throw 2 of 2 (25 PTS),90 - 80,-10,Luka Doncic,DAL,,,,
350,STEAL.TURNOVER,3,0:23,Jones Jr. STEAL (1 STL)Holmgren Lost Ball Turnover (P2.T9),90 - 80,-10,Chet Holmgren,OKC,Derrick Jones Jr.,DAL,,
351,3POINT.ASSIST,3,0:04,Jones Jr. 3PT Jump Shot (17 PTS) (Washington 1 AST),90 - 83,-7,Derrick Jones Jr.,DAL,P.J. Washington,DAL,,
352,3POINTMISS,3,0:00,MISS Wallace 47' 3PT Jump Shot,90 - 83,-7,Cason Wallace,OKC,,,,
353,REBOUND,3,0:00,Thunder Rebound,90 - 83,-7,,,,,,
354,ENDOFPERIOD,3,0:00,End of 3rd Period (10:04 PM EST),90 - 83,-7,,,,,,
355,STARTOFPERIOD,4,12:00,Start of 4th Period (10:08 PM EST),90 - 83,-7,,,,,,
356,2POINTMISS.BLOCK,4,11:48,Jones Jr. BLOCK (1 BLK)MISS Jal. Williams 7' Driving Layup,90 - 83,-7,Jalen Williams,OKC,,,Derrick Jones Jr.,DAL
357,REBOUND,4,11:45,Doncic REBOUND (Off:0 Def:7),90 - 83,-7,Luka Doncic,DAL,,,,
358,2POINTMISS,4,11:32,MISS Doncic 7' Driving Floating Jump Shot,90 - 83,-7,Luka Doncic,DAL,,,,
359,REBOUND,4,11:29,Gilgeous-Alexander REBOUND (Off:0 Def:3),90 - 83,-7,Shai Gilgeous-Alexander,OKC,,,,
360,3POINTMISS,4,11:21,MISS Holmgren 25' 3PT Jump Shot,90 - 83,-7,Chet Holmgren,OKC,,,,
361,REBOUND,4,11:19,Doncic REBOUND (Off:0 Def:8),90 - 83,-7,Luka Doncic,DAL,,,,
362,2POINTMISS,4,11:09,MISS Washington 5' Turnaround Hook Shot,90 - 83,-7,P.J. Washington,DAL,,,,
363,REBOUND,4,11:06,Jal. Williams REBOUND (Off:2 Def:4),90 - 83,-7,Jalen Williams,OKC,,,,
364,2POINT.ASSIST,4,10:54,Holmgren 1' Alley Oop Dunk (17 PTS) (Jal. Williams 5 AST),92 - 83,-9,Chet Holmgren,OKC,Jalen Williams,OKC,,
365,3POINT.ASSIST,4,10:37,Jones Jr. 3PT Jump Shot (20 PTS) (Doncic 6 AST),92 - 86,-6,Derrick Jones Jr.,DAL,Luka Doncic,DAL,,
366,2POINT,4,10:22,Jal. Williams 2' Driving Layup (19 PTS),94 - 86,-8,Jalen Williams,OKC,,,,
367,2POINT.ASSIST,4,10:14,Irving 18' Pullup Jump Shot (16 PTS) (Doncic 7 AST),94 - 88,-6,Kyrie Irving,DAL,Luka Doncic,DAL,,
368,2POINTMISS,4,9:53,MISS Gilgeous-Alexander 9' Driving Floating Jump Shot,94 - 88,-6,Shai Gilgeous-Alexander,OKC,,,,
369,REBOUND,4,9:51,Lively II REBOUND (Off:1 Def:9),94 - 88,-6,Dereck Lively II,DAL,,,,
370,3POINTMISS,4,9:45,MISS Irving 25' 3PT Step Back Jump Shot,94 - 88,-6,Kyrie Irving,DAL,,,,
371,REBOUND,4,9:44,Thunder Rebound,94 - 88,-6,,,,,,
372,FOUL,4,9:44,Lively II L.B.FOUL (P2.T1) (T.Brothers),94 - 88,-6,Dereck Lively II,DAL,Chet Holmgren,OKC,,
373,FOUL,4,9:31,Doncic P.FOUL (P4.T2) (T.Brothers),94 - 88,-6,Luka Doncic,DAL,Chet Holmgren,OKC,,
374,2POINTMISS,4,9:17,MISS Jal. Williams 16' Turnaround Fadeaway Shot,94 - 88,-6,Jalen Williams,OKC,,,,
375,REBOUND,4,9:15,Doncic REBOUND (Off:0 Def:9),94 - 88,-6,Luka Doncic,DAL,,,,
376,2POINT,4,9:09,Doncic 18' Step Back Jump Shot (27 PTS),94 - 90,-4,Luka Doncic,DAL,,,,
377,TURNOVER,4,8:58,Holmgren Out of Bounds - Bad Pass Turnover Turnover (P3.T10),94 - 90,-4,Chet Holmgren,OKC,,,,
378,3POINTMISS,4,8:47,MISS Washington 3PT Jump Shot,94 - 90,-4,P.J. Washington,DAL,,,,
379,REBOUND,4,8:45,Thunder Rebound,94 - 90,-4,,,,,,
380,FOUL,4,8:45,Lively II L.B.FOUL (P3.T3) (T.Brothers),94 - 90,-4,Dereck Lively II,DAL,Chet Holmgren,OKC,,
381,SUB,4,8:45,SUB: Jay. Williams FOR Holmgren,94 - 90,-4,Chet Holmgren,OKC,Jaylin Williams,OKC,,
382,3POINTMISS,4,8:33,MISS Wallace 24' 3PT Jump Shot,94 - 90,-4,Cason Wallace,OKC,,,,
383,REBOUND,4,8:30,Lively II REBOUND (Off:1 Def:10),94 - 90,-4,Dereck Lively II,DAL,,,,
384,2POINTMISS,4,8:17,MISS Irving 12' Step Back Jump Shot,94 - 90,-4,Kyrie Irving,DAL,,,,
385,REBOUND,4,8:15,Jal. Williams REBOUND (Off:2 Def:5),94 - 90,-4,Jalen Williams,OKC,,,,
386,3POINT.ASSIST,4,8:05,Joe 3PT Jump Shot (11 PTS) (Jal. Williams 6 AST),97 - 90,-7,Isaiah Joe,OKC,Jalen Williams,OKC,,
387,2POINT.ASSIST,4,7:48,Lively II 1' Cutting Layup Shot (6 PTS) (Doncic 8 AST),97 - 92,-5,Dereck Lively II,DAL,Luka Doncic,DAL,,
388,3POINTMISS,4,7:40,MISS Wallace 26' 3PT Jump Shot,97 - 92,-5,Cason Wallace,OKC,,,,
389,REBOUND,4,7:39,Washington REBOUND (Off:0 Def:3),97 - 92,-5,P.J. Washington,DAL,,,,
390,2POINTMISS,4,7:27,MISS Doncic 12' Driving Floating Jump Shot,97 - 92,-5,Luka Doncic,DAL,,,,
391,REBOUND,4,7:25,Lively II REBOUND (Off:2 Def:10),97 - 92,-5,Dereck Lively II,DAL,,,,
392,3POINT.ASSIST,4,7:23,Irving 26' 3PT Jump Shot (19 PTS) (Washington 2 AST),97 - 95,-2,Kyrie Irving,DAL,P.J. Washington,DAL,,
393,TIMEOUT,4,7:22,Thunder Timeout: Regular (Reg.4 Short 0),97 - 95,-2,,,,,,
394,SUB,4,7:22,SUB: Dort FOR Joe,97 - 95,-2,Isaiah Joe,OKC,Luguentz Dort,OKC,,
395,SUB,4,7:22,SUB: Holmgren FOR Jay. Williams,97 - 95,-2,Jaylin Williams,OKC,Chet Holmgren,OKC,,
396,3POINTMISS,4,7:04,MISS Dort 24' 3PT Jump Shot,97 - 95,-2,Luguentz Dort,OKC,,,,
397,REBOUND,4,7:00,Lively II REBOUND (Off:2 Def:11),97 - 95,-2,Dereck Lively II,DAL,,,,
398,2POINTMISS,4,6:46,MISS Irving 8' Driving Floating Jump Shot,97 - 95,-2,Kyrie Irving,DAL,,,,
399,REBOUND,4,6:45,MAVERICKS Rebound,97 - 95,-2,,,,,,
400,FOUL,4,6:45,Wallace L.B.FOUL (P4.T1) (T.Brothers),97 - 95,-2,Cason Wallace,OKC,Dereck Lively II,DAL,,
401,2POINTMISS,4,6:33,MISS Jones Jr. 1' Driving Layup,97 - 95,-2,Derrick Jones Jr.,DAL,,,,
402,REBOUND,4,6:30,Lively II REBOUND (Off:3 Def:11),97 - 95,-2,Dereck Lively II,DAL,,,,
403,2POINT,4,6:30,Lively II Tip Dunk Shot (8 PTS),97 - 97,TIE,Dereck Lively II,DAL,,,,
404,2POINT,4,6:10,Wallace 2' Driving Reverse Layup (5 PTS),99 - 97,-2,Cason Wallace,OKC,,,,
405,3POINTMISS,4,5:55,MISS Irving 25' 3PT Jump Shot,99 - 97,-2,Kyrie Irving,DAL,,,,
406,REBOUND,4,5:54,Jal. Williams REBOUND (Off:2 Def:6),99 - 97,-2,Jalen Williams,OKC,,,,
407,2POINT.ASSIST,4,5:36,Holmgren Alley Oop Dunk (19 PTS) (Jal. Williams 7 AST),101 - 97,-4,Chet Holmgren,OKC,Jalen Williams,OKC,,
408,FOUL,4,5:19,Gilgeous-Alexander S.FOUL (P2.T2) (J.Tiven),101 - 97,-4,Shai Gilgeous-Alexander,OKC,P.J. Washington,DAL,,
409,FTMAKE,4,5:19,Washington Free Throw 1 of 2 (1 PTS),101 - 98,-3,P.J. Washington,DAL,,,,
410,FTMISS,4,5:19,MISS Washington Free Throw 2 of 2,101 - 98,-3,P.J. Washington,DAL,,,,
411,SUB,4,5:19,SUB: Jay. Williams FOR Wallace,101 - 98,-3,Cason Wallace,OKC,Jaylin Williams,OKC,,
412,REBOUND,4,5:17,Jay. Williams REBOUND (Off:0 Def:2),101 - 98,-3,Jaylin Williams,OKC,,,,
413,2POINT.ASSIST,4,5:08,Jay. Williams 1' Driving Dunk (6 PTS) (Jal. Williams 8 AST),103 - 98,-5,Jaylin Williams,OKC,Jalen Williams,OKC,,
414,2POINT.ASSIST,4,4:56,Lively II 2' Cutting Layup Shot (10 PTS) (Irving 3 AST),103 - 100,-3,Dereck Lively II,DAL,Kyrie Irving,DAL,,
415,FOUL,4,4:56,Holmgren S.FOUL (P4.T3) (M.Ervin),103 - 100,-3,Chet Holmgren,OKC,Dereck Lively II,DAL,,
416,SUB,4,4:56,SUB: Green FOR Irving,103 - 100,-3,Kyrie Irving,DAL,Josh Green,DAL,,
417,SUB,4,4:56,SUB: Hardaway Jr. FOR Doncic,103 - 100,-3,Luka Doncic,DAL,Tim Hardaway Jr.,DAL,,
418,FTMAKE,4,4:56,Lively II Free Throw 1 of 1 (11 PTS),103 - 101,-2,Dereck Lively II,DAL,,,,
419,2POINT,4,4:44,Gilgeous-Alexander 18' Pullup Jump Shot (30 PTS),105 - 101,-4,Shai Gilgeous-Alexander,OKC,,,,
420,TIMEOUT,4,4:43,MAVERICKS Timeout: Regular (Full 5 Short 0),105 - 101,-4,,,,,,
421,SUB,4,4:43,SUB: Irving FOR Green,105 - 101,-4,Josh Green,DAL,Kyrie Irving,DAL,,
422,SUB,4,4:43,SUB: Doncic FOR Hardaway Jr.,105 - 101,-4,Tim Hardaway Jr.,DAL,Luka Doncic,DAL,,
423,2POINTMISS,4,4:23,MISS Irving 12' Fadeaway Jumper,105 - 101,-4,Kyrie Irving,DAL,,,,
424,REBOUND,4,4:22,Lively II REBOUND (Off:4 Def:11),105 - 101,-4,Dereck Lively II,DAL,,,,
425,FOUL,4,4:21,Holmgren S.FOUL (P5.T4) (M.Ervin),105 - 101,-4,Chet Holmgren,OKC,Dereck Lively II,DAL,,
426,FTMAKE,4,4:21,Lively II Free Throw 1 of 2 (12 PTS),105 - 102,-3,Dereck Lively II,DAL,,,,
427,FTMISS,4,4:21,MISS Lively II Free Throw 2 of 2,105 - 102,-3,Dereck Lively II,DAL,,,,
428,REBOUND,4,4:18,Washington REBOUND (Off:1 Def:3),105 - 102,-3,P.J. Washington,DAL,,,,
429,3POINT.ASSIST,4,4:11,Washington 3PT Jump Shot (4 PTS) (Doncic 9 AST),105 - 105,TIE,P.J. Washington,DAL,Luka Doncic,DAL,,
430,3POINTMISS,4,3:51,MISS Jay. Williams 3PT Jump Shot,105 - 105,TIE,Jaylin Williams,OKC,,,,
431,REBOUND,4,3:48,Irving REBOUND (Off:0 Def:2),105 - 105,TIE,Kyrie Irving,DAL,,,,
432,2POINT,4,3:39,Doncic 19' Step Back Jump Shot (29 PTS),105 - 107,2,Luka Doncic,DAL,,,,
433,TIMEOUT,4,3:39,Thunder Timeout: Regular (Reg.5 Short 0),105 - 107,2,,,,,,
434,3POINT.ASSIST,4,3:31,Jal. Williams 25' 3PT Jump Shot (22 PTS) (Jay. Williams 2 AST),108 - 107,-1,Jalen Williams,OKC,Jaylin Williams,OKC,,
435,2POINTMISS.BLOCK,4,3:06,MISS Doncic 5' Driving LayupJay. Williams BLOCK (1 BLK),108 - 107,-1,Luka Doncic,DAL,,,Jaylin Williams,OKC
436,REBOUND,4,3:03,Jones Jr. REBOUND (Off:2 Def:1),108 - 107,-1,Derrick Jones Jr.,DAL,,,,
437,3POINT.ASSIST,4,3:02,Irving 26' 3PT Pullup Jump Shot (22 PTS) (Jones Jr. 2 AST),108 - 110,2,Kyrie Irving,DAL,Derrick Jones Jr.,DAL,,
438,2POINT,4,2:47,Gilgeous-Alexander 11' Step Back Jump Shot (32 PTS),110 - 110,TIE,Shai Gilgeous-Alexander,OKC,,,,
439,FOUL,4,2:27,Lively II OFF.Foul (P4) (T.Brothers),110 - 110,TIE,Dereck Lively II,DAL,Luguentz Dort,OKC,,
440,TURNOVER,4,2:27,Lively II Offensive Foul Turnover (P2.T18),110 - 110,TIE,Dereck Lively II,DAL,,,,
441,2POINTMISS,4,2:13,MISS Gilgeous-Alexander 10' Fadeaway Jumper,110 - 110,TIE,Shai Gilgeous-Alexander,OKC,,,,
442,REBOUND,4,2:10,Washington REBOUND (Off:1 Def:4),110 - 110,TIE,P.J. Washington,DAL,,,,
443,3POINT.ASSIST,4,2:01,Washington 25' 3PT Jump Shot (7 PTS) (Doncic 10 AST),110 - 113,3,P.J. Washington,DAL,Luka Doncic,DAL,,
444,2POINTMISS,4,1:45,MISS Jal. Williams 4' Driving Layup,110 - 113,3,Jalen Williams,OKC,,,,
445,REBOUND,4,1:45,Thunder Rebound,110 - 113,3,,,,,,
446,3POINTMISS,4,1:36,MISS Holmgren 25' 3PT Jump Shot,110 - 113,3,Chet Holmgren,OKC,,,,
447,REBOUND,4,1:34,Doncic REBOUND (Off:0 Def:10),110 - 113,3,Luka Doncic,DAL,,,,
448,3POINTMISS.BLOCK,4,1:14,MISS Irving 3PT Jump ShotJal. Williams BLOCK (1 BLK),110 - 113,3,Kyrie Irving,DAL,,,Jalen Williams,OKC
449,REBOUND,4,1:11,Jones Jr. REBOUND (Off:3 Def:1),110 - 113,3,Derrick Jones Jr.,DAL,,,,
450,2POINT,4,1:11,Jones Jr. 12' Turnaround Fadeaway (22 PTS),110 - 115,5,Derrick Jones Jr.,DAL,,,,
451,3POINT,4,1:05,Gilgeous-Alexander 25' 3PT Step Back Jump Shot (35 PTS),113 - 115,2,Shai Gilgeous-Alexander,OKC,,,,
452,3POINTMISS,4,0:44,MISS Washington 3PT Jump Shot,113 - 115,2,P.J. Washington,DAL,,,,
453,REBOUND,4,0:41,Jal. Williams REBOUND (Off:2 Def:7),113 - 115,2,Jalen Williams,OKC,,,,
454,FOUL,4,0:27,Washington P.FOUL (P4.T4) (J.Tiven),113 - 115,2,P.J. Washington,DAL,Shai Gilgeous-Alexander,OKC,,
455,SUB,4,0:27,SUB: Joe FOR Jay. Williams,113 - 115,2,Jaylin Williams,OKC,Isaiah Joe,OKC,,
456,FOUL,4,0:27,Washington AWAY.FROM.PLAY.FOUL (P5.PN) (M.Ervin),113 - 115,2,P.J. Washington,DAL,Luguentz Dort,OKC,,
457,FTMAKE,4,0:27,Gilgeous-Alexander Free Throw 1 of 1 (36 PTS),114 - 115,1,Shai Gilgeous-Alexander,OKC,,,,
458,TIMEOUT,4,0:27,Thunder Timeout: Regular (Reg.6 Short 0),114 - 115,1,,,,,,
459,2POINT.ASSIST,4,0:20,Holmgren 1' Alley Oop Dunk (21 PTS) (Gilgeous-Alexander 8 AST),116 - 115,-1,Chet Holmgren,OKC,Shai Gilgeous-Alexander,OKC,,
460,FOUL,4,0:02,Gilgeous-Alexander S.FOUL (P3.PN) (J.Tiven),116 - 115,-1,Shai Gilgeous-Alexander,OKC,P.J. Washington,DAL,,
461,TIMEOUT,4,0:02,Thunder Timeout: Regular (Reg.7 Short 0),116 - 115,-1,,,,,,
462,SUB,4,0:02,SUB: Jay. Williams FOR Dort,116 - 115,-1,Luguentz Dort,OKC,Jaylin Williams,OKC,,
463,FTMAKE,4,0:02,Washington Free Throw 1 of 3 (8 PTS),116 - 116,TIE,P.J. Washington,DAL,,,,
464,FTMAKE,4,0:02,Washington Free Throw 2 of 3 (9 PTS),116 - 117,1,P.J. Washington,DAL,,,,
465,FTMISS,4,0:02,MISS Washington Free Throw 3 of 3,116 - 117,1,P.J. Washington,DAL,,,,
466,REBOUND,4,0:01,Holmgren REBOUND (Off:0 Def:3),116 - 117,1,Chet Holmgren,OKC,,,,
467,3POINTMISS,4,0:00,MISS Jal. Williams 64' 3PT Jump Shot,116 - 117,1,Jalen Williams,OKC,,,,
468,REBOUND,4,0:00,Thunder Rebound,116 - 117,1,,,,,,
469,ENDOFPERIOD,4,0:00,End of 4th Period (10:41 PM EST),116 - 117,1,,,,,,
  