eventmsgtype,period,pctimestring,score,scoremargin,player1_name,player2_name,player3_name,homedescription,visitordescription,neutraldescription
MADE FG - ASSIST,1,12:00,,,,,,,,Start of 1st Period (8:11 PM EST)
MADE FG - ASSIST,1,12:00,,,Nikola Vucevic,Mike Muscala,Luguentz Dort,Jump Ball Vucevic vs. Muscala: Tip to Dort,,
FOUL,1,11:57,,,Ayo Dosunmu,Luguentz Dort,,Dosunmu S.FOUL (P1.T1) (D.Taylor),,
MADE FREE THROW,1,11:57,Jan-00,-1,Luguentz Dort,,,,Dort Free Throw 1 of 2 (1 PTS),
MADE FREE THROW,1,11:57,Feb-00,-2,Luguentz Dort,,,,Dort Free Throw 2 of 2 (2 PTS),
MADE FG - ASSIST,1,11:38,2-Feb,TIE,Alex Caruso,Nikola Vucevic,,Caruso 2' Cutting Layup Shot (2 PTS) (Vucevic 1 AST),,
MADE FG - ASSIST,1,11:28,2-May,-3,Mike Muscala,Shai Gilgeous-Alexander,,,Muscala 26' 3PT Jump Shot (3 PTS) (Gilgeous-Alexander 1 AST),
MISS-BLOCK,1,11:13,,,Zach LaVine,,,MISS LaVine 27' 3PT Pullup Jump Shot,,
DREB-OREB,1,11:10,,,Jalen Williams,,,,Jal. Williams REBOUND (Off:0 Def:1),
MISS-BLOCK,1,11:04,,,Josh Giddey,,Patrick Williams,Williams BLOCK (1 BLK),MISS Giddey 2' Driving Layup,
DREB-OREB,1,11:04,,,Ayo Dosunmu,,,Dosunmu REBOUND (Off:0 Def:1),,
MADE FG - ASSIST,1,10:57,5-May,TIE,Patrick Williams,Ayo Dosunmu,,Williams 25' 3PT Running Pull-Up Jump Shot (3 PTS) (Dosunmu 1 AST),,
MADE FG - ASSIST,1,10:39,5-Jul,-2,Luguentz Dort,,,,Dort 1' Driving Layup (4 PTS),
FOUL,1,10:32,,,Patrick Williams,Luguentz Dort,,Williams OFF.Foul (P1) (T.Ford),,
STEAL-TUROVER,1,10:32,,,Patrick Williams,,,Williams Offensive Foul Turnover (P1.T1),,
MISS-BLOCK,1,10:14,,,Mike Muscala,,,,MISS Muscala 26' 3PT Jump Shot,
DREB-OREB,1,10:10,,,Josh Giddey,,,,Giddey REBOUND (Off:1 Def:0),
MISS-BLOCK,1,10:09,,,Luguentz Dort,,,,MISS Dort 25' 3PT Jump Shot,
DREB-OREB,1,10:07,,,Jalen Williams,,,,Jal. Williams REBOUND (Off:1 Def:1),
MADE FG - ASSIST,1,10:05,5-Sep,-4,Jalen Williams,,,,Jal. Williams Driving Reverse Layup (2 PTS),
9,1,10:05,,,,,,BULLS Timeout: Regular (Full 1 Short 0),,
FOUL,1,9:46,,,Shai Gilgeous-Alexander,Alex Caruso,,,Gilgeous-Alexander S.FOUL (P1.T1) (D.Taylor),
MADE FREE THROW,1,9:46,,,Alex Caruso,,,MISS Caruso Free Throw 1 of 2,,
DREB-OREB,1,9:46,,,,,,BULLS Rebound,,
MADE FREE THROW,1,9:46,6-Sep,-3,Alex Caruso,,,Caruso Free Throw 2 of 2 (3 PTS),,
MISS-BLOCK,1,9:31,,,Mike Muscala,,,,MISS Muscala 26' 3PT Jump Shot,
DREB-OREB,1,9:27,,,Patrick Williams,,,Williams REBOUND (Off:0 Def:1),,
MADE FG - ASSIST,1,9:22,9-Sep,TIE,Zach LaVine,Patrick Williams,,LaVine 24' 3PT Jump Shot (3 PTS) (Williams 1 AST),,
MADE FG - ASSIST,1,9:07,9-Nov,-2,Shai Gilgeous-Alexander,,,,Gilgeous-Alexander 12' Fadeaway Jumper (2 PTS),
STEAL-TUROVER,1,8:53,,,Alex Caruso,Shai Gilgeous-Alexander,,Caruso Lost Ball Turnover (P1.T2),Gilgeous-Alexander STEAL (1 STL),
STEAL-TUROVER,1,8:47,,,Josh Giddey,Alex Caruso,,Caruso STEAL (1 STL),Giddey Lost Ball Turnover (P1.T1),
STEAL-TUROVER,1,8:47,,,Zach LaVine,Luguentz Dort,,LaVine Bad Pass Turnover (P1.T3),Dort STEAL (1 STL),
FOUL,1,8:47,,,Alex Caruso,Luguentz Dort,,Caruso P.FOUL (P1.T2) (B.Adair),,
MISS-BLOCK,1,8:33,,,Josh Giddey,,,,MISS Giddey 27' 3PT Jump Shot,
DREB-OREB,1,8:31,,,Mike Muscala,,,,Muscala REBOUND (Off:1 Def:0),
STEAL-TUROVER,1,8:30,,,Mike Muscala,Alex Caruso,,Caruso STEAL (2 STL),Muscala Lost Ball Turnover (P1.T2),
MISS-BLOCK,1,8:25,,,Zach LaVine,,Josh Giddey,MISS LaVine 3' Driving Layup,Giddey BLOCK (1 BLK),
DREB-OREB,1,8:25,,,,,,BULLS Rebound,,
STEAL-TUROVER,1,8:19,,,Ayo Dosunmu,Jalen Williams,,Dosunmu Lost Ball Turnover (P1.T4),Jal. Williams STEAL (1 STL),
MISS-BLOCK,1,8:15,,,Luguentz Dort,,Alex Caruso,Caruso BLOCK (1 BLK),MISS Dort 10' Pullup Jump Shot,
DREB-OREB,1,8:15,,,Mike Muscala,,,,Muscala REBOUND (Off:2 Def:0),
MADE FG - ASSIST,1,8:05,13 - 9,-4,Shai Gilgeous-Alexander,,,,Gilgeous-Alexander 2' Driving Layup (4 PTS),
MISS-BLOCK,1,7:38,,,Patrick Williams,,,MISS Williams 3PT Jump Shot,,
DREB-OREB,1,7:36,,,Jalen Williams,,,,Jal. Williams REBOUND (Off:1 Def:2),
MADE FG - ASSIST,1,7:29,15 - 9,-6,Josh Giddey,Jalen Williams,,,Giddey Cutting Layup Shot (2 PTS) (Jal. Williams 1 AST),
FOUL,1,7:24,,,Jalen Williams,Ayo Dosunmu,,,Jal. Williams S.FOUL (P1.T2) (B.Adair),
MADE FREE THROW,1,7:24,15 - 10,-5,Ayo Dosunmu,,,Dosunmu Free Throw 1 of 2 (1 PTS),,
MADE FREE THROW,1,7:24,15 - 11,-4,Ayo Dosunmu,,,Dosunmu Free Throw 2 of 2 (2 PTS),,
SUBSTITUTION,1,7:24,,,Mike Muscala,Kenrich Williams,,,SUB: K. Williams FOR Muscala,
MADE FG - ASSIST,1,7:07,17 - 11,-6,Josh Giddey,,,,Giddey 7' Driving Floating Jump Shot (4 PTS),
MISS-BLOCK,1,6:48,,,Zach LaVine,,Shai Gilgeous-Alexander,MISS LaVine 1' Driving Layup,Gilgeous-Alexander BLOCK (1 BLK),
DREB-OREB,1,6:45,,,Kenrich Williams,,,,K. Williams REBOUND (Off:0 Def:1),
MADE FG - ASSIST,1,6:42,19 - 11,-8,Jalen Williams,Josh Giddey,,,Jal. Williams 1' Cutting Layup Shot (4 PTS) (Giddey 1 AST),
MISS-BLOCK,1,6:36,,,Ayo Dosunmu,,Josh Giddey,MISS Dosunmu 2' Running Layup,Giddey BLOCK (2 BLK),
DREB-OREB,1,6:36,,,,,,,Thunder Rebound,
SUBSTITUTION,1,6:17,,,Alex Caruso,Coby White,,SUB: White FOR Caruso,,
SUBSTITUTION,1,6:17,,,Nikola Vucevic,Derrick Jones Jr.,,SUB: Jones Jr. FOR Vucevic,,
MISS-BLOCK,1,6:12,,,Shai Gilgeous-Alexander,,,,MISS Gilgeous-Alexander 1' Cutting Layup Shot,
DREB-OREB,1,6:08,,,Ayo Dosunmu,,,Dosunmu REBOUND (Off:0 Def:2),,
MISS-BLOCK,1,6:00,,,Patrick Williams,,,MISS Williams 24' 3PT Jump Shot,,
DREB-OREB,1,5:54,,,Kenrich Williams,,,,K. Williams REBOUND (Off:0 Def:2),
MADE FG - ASSIST,1,5:46,21 - 11,-10,Jalen Williams,,,,Jal. Williams 1' Driving Layup (6 PTS),
FOUL,1,5:24,,,Luguentz Dort,Zach LaVine,,,Dort S.FOUL (P1.T3) (B.Adair),
MADE FREE THROW,1,5:24,21 - 12,-9,Zach LaVine,,,LaVine Free Throw 1 of 2 (4 PTS),,
MADE FREE THROW,1,5:24,21 - 13,-8,Zach LaVine,,,LaVine Free Throw 2 of 2 (5 PTS),,
MISS-BLOCK,1,5:16,,,Josh Giddey,,,,MISS Giddey 2' Driving Floating Jump Shot,
DREB-OREB,1,5:14,,,Derrick Jones Jr.,,,Jones Jr. REBOUND (Off:0 Def:1),,
MISS-BLOCK,1,5:09,,,Ayo Dosunmu,,,MISS Dosunmu 3PT Jump Shot,,
DREB-OREB,1,5:02,,,Ayo Dosunmu,,,Dosunmu REBOUND (Off:1 Def:2),,
MISS-BLOCK,1,4:59,,,Zach LaVine,,,MISS LaVine 3PT Jump Shot,,
DREB-OREB,1,4:58,,,Ayo Dosunmu,,,Dosunmu REBOUND (Off:2 Def:2),,
MADE FG - ASSIST,1,4:56,21 - 15,-6,Coby White,Ayo Dosunmu,,White 19' Pullup Jump Shot (2 PTS) (Dosunmu 2 AST),,
FOUL,1,4:56,,,Shai Gilgeous-Alexander,Coby White,,,Gilgeous-Alexander S.FOUL (P2.T4) (D.Taylor),
SUBSTITUTION,1,4:56,,,Josh Giddey,Lindy Waters III,,,SUB: Waters III FOR Giddey,
MADE FREE THROW,1,4:56,21 - 16,-5,Coby White,,,White Free Throw 1 of 1 (3 PTS),,
MADE FG - ASSIST,1,4:38,24 - 16,-8,Luguentz Dort,Lindy Waters III,,,Dort 24' 3PT Jump Shot (7 PTS) (Waters III 1 AST),
MISS-BLOCK,1,4:26,,,Coby White,,,MISS White 10' Fadeaway Jumper,,
DREB-OREB,1,4:23,,,Shai Gilgeous-Alexander,,,,Gilgeous-Alexander REBOUND (Off:0 Def:1),
FOUL,1,4:20,,,Ayo Dosunmu,Shai Gilgeous-Alexander,,Dosunmu S.FOUL (P2.T3) (T.Ford),,
MADE FREE THROW,1,4:20,25 - 16,-9,Shai Gilgeous-Alexander,,,,Gilgeous-Alexander Free Throw 1 of 2 (5 PTS),
MADE FREE THROW,1,4:20,,,Shai Gilgeous-Alexander,,,,MISS Gilgeous-Alexander Free Throw 2 of 2,
SUBSTITUTION,1,4:20,,,Ayo Dosunmu,Nikola Vucevic,,SUB: Vucevic FOR Dosunmu,,
SUBSTITUTION,1,4:20,,,Patrick Williams,Alex Caruso,,SUB: Caruso FOR Williams,,
SUBSTITUTION,1,4:20,,,Jalen Williams,Tre Mann,,,SUB: Mann FOR Jal. Williams,
DREB-OREB,1,4:16,,,Coby White,,,White REBOUND (Off:0 Def:1),,
FOUL,1,4:01,,,Lindy Waters III,Zach LaVine,,,Waters III S.FOUL (P1.PN) (T.Ford),
MADE FREE THROW,1,4:01,25 - 17,-8,Zach LaVine,,,LaVine Free Throw 1 of 2 (6 PTS),,
MADE FREE THROW,1,4:01,25 - 18,-7,Zach LaVine,,,LaVine Free Throw 2 of 2 (7 PTS),,
MADE FG - ASSIST,1,3:46,28 - 18,-10,Kenrich Williams,Luguentz Dort,,,K. Williams 28' 3PT Jump Shot (3 PTS) (Dort 1 AST),
STEAL-TUROVER,1,3:27,,,Coby White,Shai Gilgeous-Alexander,,White Bad Pass Turnover (P1.T5),Gilgeous-Alexander STEAL (2 STL),
MADE FG - ASSIST,1,3:18,30 - 18,-12,Shai Gilgeous-Alexander,,,,Gilgeous-Alexander 20' Step Back Jump Shot (7 PTS),
MADE FG - ASSIST,1,3:04,30 - 21,-9,Derrick Jones Jr.,Zach LaVine,,Jones Jr. 3PT Jump Shot (3 PTS) (LaVine 1 AST),,
9,1,2:57,,,,,,,Thunder Timeout: Regular (Reg.1 Short 0),
SUBSTITUTION,1,2:57,,,Luguentz Dort,Mike Muscala,,,SUB: Muscala FOR Dort,
MISS-BLOCK,1,2:38,,,Kenrich Williams,,,,MISS K. Williams 17' Pullup Jump Shot,
DREB-OREB,1,2:36,,,Nikola Vucevic,,,Vucevic REBOUND (Off:0 Def:1),,
MISS-BLOCK,1,2:29,,,Alex Caruso,,,MISS Caruso 25' 3PT Jump Shot,,
DREB-OREB,1,2:26,,,Alex Caruso,,,Caruso REBOUND (Off:1 Def:0),,
MISS-BLOCK,1,2:22,,,Coby White,,,MISS White 25' 3PT Jump Shot,,
DREB-OREB,1,2:19,,,Tre Mann,,,,Mann REBOUND (Off:0 Def:1),
FOUL,1,2:16,,,Mike Muscala,Alex Caruso,,,Muscala Offensive Charge Foul (P1) (T.Ford),
STEAL-TUROVER,1,2:16,,,Mike Muscala,,,,Muscala Offensive Foul Turnover (P2.T3),
MADE FG - ASSIST,1,2:00,30 - 23,-7,Derrick Jones Jr.,Coby White,,Jones Jr. Cutting Dunk Shot (5 PTS) (White 1 AST),,
MISS-BLOCK,1,1:44,,,Mike Muscala,,,,MISS Muscala 26' 3PT Jump Shot,
DREB-OREB,1,1:41,,,Lindy Waters III,,,,Waters III REBOUND (Off:1 Def:0),
MADE FG - ASSIST,1,1:38,33 - 23,-10,Lindy Waters III,,,,Waters III 26' 3PT Jump Shot (3 PTS),
MADE FG - ASSIST,1,1:19,33 - 25,-8,Nikola Vucevic,Alex Caruso,,Vucevic 6' Turnaround Hook Shot (2 PTS) (Caruso 1 AST),,
MISS-BLOCK,1,1:05,,,Shai Gilgeous-Alexander,,Derrick Jones Jr.,Jones Jr. BLOCK (1 BLK),MISS Gilgeous-Alexander 3' Driving Layup,
DREB-OREB,1,1:01,,,Coby White,,,White REBOUND (Off:0 Def:2),,
MISS-BLOCK,1,0:51,,,Zach LaVine,,,MISS LaVine 27' 3PT Step Back Jump Shot,,
DREB-OREB,1,0:48,,,Lindy Waters III,,,,Waters III REBOUND (Off:1 Def:1),
MISS-BLOCK,1,0:38,,,Tre Mann,,,,MISS Mann 25' 3PT Pullup Jump Shot,
DREB-OREB,1,0:35,,,Nikola Vucevic,,,Vucevic REBOUND (Off:0 Def:2),,
MADE FG - ASSIST,1,0:30,33 - 27,-6,Zach LaVine,,,LaVine 1' Driving Layup (9 PTS),,
FOUL,1,0:30,,,Tre Mann,Zach LaVine,,,Mann S.FOUL (P1.PN) (B.Adair),
MADE FREE THROW,1,0:30,33 - 28,-5,Zach LaVine,,,LaVine Free Throw 1 of 1 (10 PTS),,
MISS-BLOCK,1,0:22,,,Shai Gilgeous-Alexander,,,,MISS Gilgeous-Alexander 14' Pullup Jump Shot,
DREB-OREB,1,0:18,,,Alex Caruso,,,Caruso REBOUND (Off:1 Def:1),,
MADE FG - ASSIST,1,0:03,33 - 31,-2,Coby White,Derrick Jones Jr.,,White 25' 3PT Jump Shot (6 PTS) (Jones Jr. 1 AST),,
MISS-BLOCK,1,0:00,,,Lindy Waters III,,,,MISS Waters III 52' 3PT Pullup Jump Shot,
DREB-OREB,1,0:00,,,,,,,Thunder Rebound,
MADE FG - ASSISTMADE FREE THROW,1,0:00,33 - 31,-2,,,,,,End of 1st Period (8:37 PM EST)
MADE FG - ASSISTMISS-BLOCK,2,12:00,33 - 31,-2,,,,,,Start of 2nd Period (8:39 PM EST)
MISS-BLOCK,2,11:39,,,Ayo Dosunmu,,,MISS Dosunmu 10' Driving Floating Jump Shot,,
DREB-OREB,2,11:37,,,Aaron Wiggins,,,,Wiggins REBOUND (Off:0 Def:1),
MISS-BLOCK,2,11:23,,,Josh Giddey,,,,MISS Giddey 17' Step Back Jump Shot,
DREB-OREB,2,11:19,,,Nikola Vucevic,,,Vucevic REBOUND (Off:0 Def:3),,
MADE FG - ASSIST,2,11:03,33 - 34,1,Coby White,Alex Caruso,,White 25' 3PT Jump Shot (9 PTS) (Caruso 2 AST),,
STEAL-TUROVER,2,10:48,,,Aaron Wiggins,Alex Caruso,,Caruso STEAL (3 STL),Wiggins Bad Pass Turnover (P1.T4),
MADE FG - ASSIST,2,10:44,33 - 36,3,Alex Caruso,,,Caruso 1' Running Dunk (5 PTS),,
MADE FG - ASSIST,2,10:23,36 - 36,TIE,Lindy Waters III,Josh Giddey,,,Waters III 27' 3PT Jump Shot (6 PTS) (Giddey 2 AST),
FOUL,2,10:09,,,Aaron Wiggins,Nikola Vucevic,,,Wiggins P.FOUL (P1.T1) (T.Ford),
SUBSTITUTION,2,10:09,,,Derrick Jones Jr.,Patrick Williams,,SUB: Williams FOR Jones Jr.,,
SUBSTITUTION,2,10:09,,,Alex Caruso,Goran Dragic,,SUB: Dragic FOR Caruso,,
MADE FG - ASSIST,2,9:55,36 - 39,3,Goran Dragic,Nikola Vucevic,,Dragic 26' 3PT Jump Shot (3 PTS) (Vucevic 2 AST),,
MISS-BLOCK,2,9:47,,,Tre Mann,,,,MISS Mann 11' Driving Floating Jump Shot,
DREB-OREB,2,9:43,,,Goran Dragic,,,Dragic REBOUND (Off:0 Def:1),,
MADE FG - ASSIST,2,9:41,36 - 42,6,Coby White,Goran Dragic,,White 24' 3PT Running Jump Shot (12 PTS) (Dragic 1 AST),,
MISS-BLOCK,2,9:26,,,Darius Bazley,,,,MISS Bazley 8' Floating Jump Shot,
DREB-OREB,2,9:24,,,Patrick Williams,,,Williams REBOUND (Off:0 Def:2),,
MISS-BLOCK,2,9:08,,,Goran Dragic,,,MISS Dragic 25' 3PT Jump Shot,,
DREB-OREB,2,9:03,,,Darius Bazley,,,,Bazley REBOUND (Off:0 Def:1),
FOUL,2,9:00,,,Nikola Vucevic,Darius Bazley,,Vucevic S.FOUL (P1.T1) (T.Ford),,
MADE FREE THROW,2,9:00,37 - 42,5,Darius Bazley,,,,Bazley Free Throw 1 of 2 (1 PTS),
MADE FREE THROW,2,9:00,38 - 42,4,Darius Bazley,,,,Bazley Free Throw 2 of 2 (2 PTS),
MADE FG - ASSIST,2,8:44,38 - 44,6,Goran Dragic,Coby White,,Dragic 7' Floating Jump Shot (5 PTS) (White 2 AST),,
MADE FG - ASSIST,2,8:36,41 - 44,3,Darius Bazley,Josh Giddey,,,Bazley 26' 3PT Jump Shot (5 PTS) (Giddey 3 AST),
STEAL-TUROVER,2,8:26,,,Nikola Vucevic,Lindy Waters III,,Vucevic Lost Ball Turnover (P1.T6),Waters III STEAL (1 STL),
MADE FG - ASSIST,2,8:21,44 - 44,TIE,Tre Mann,Lindy Waters III,,,Mann 25' 3PT Jump Shot (3 PTS) (Waters III 2 AST),
MISS-BLOCK,2,8:03,,,Goran Dragic,,,MISS Dragic 3PT Jump Shot,,
DREB-OREB,2,8:01,,,Josh Giddey,,,,Giddey REBOUND (Off:1 Def:1),
FOUL,2,7:51,,,Goran Dragic,Aaron Wiggins,,Dragic S.FOUL (P1.T2) (B.Adair),,
MADE FREE THROW,2,7:51,45 - 44,-1,Aaron Wiggins,,,,Wiggins Free Throw 1 of 2 (1 PTS),
SUBSTITUTION,2,7:51,,,Coby White,Derrick Jones Jr.,,SUB: Jones Jr. FOR White,,
SUBSTITUTION,2,7:51,,,Nikola Vucevic,Zach LaVine,,SUB: LaVine FOR Vucevic,,
SUBSTITUTION,2,7:51,,,Lindy Waters III,Luguentz Dort,,,SUB: Dort FOR Waters III,
MADE FREE THROW,2,7:51,46 - 44,-2,Aaron Wiggins,,,,Wiggins Free Throw 2 of 2 (2 PTS),
MADE FG - ASSIST,2,7:30,46 - 46,TIE,Goran Dragic,Zach LaVine,,Dragic 1' Driving Layup (7 PTS) (LaVine 2 AST),,
MADE FG - ASSIST,2,7:12,48 - 46,-2,Darius Bazley,Aaron Wiggins,,,Bazley Cutting Layup Shot (7 PTS) (Wiggins 1 AST),
MADE FG - ASSIST,2,6:57,48 - 48,TIE,Patrick Williams,Goran Dragic,,Williams 15' Pullup Jump Shot (5 PTS) (Dragic 2 AST),,
MADE FG - ASSIST,2,6:43,50 - 48,-2,Josh Giddey,,,,Giddey 4' Driving Floating Jump Shot (6 PTS),
FOUL,2,6:43,,,Goran Dragic,Josh Giddey,,Dragic S.FOUL (P2.T3) (D.Taylor),,
9,2,6:43,,,,,,BULLS Timeout: Regular (Full 2 Short 0),,
MADE FREE THROW,2,6:43,51 - 48,-3,Josh Giddey,,,,Giddey Free Throw 1 of 1 (7 PTS),
MISS-BLOCK,2,6:26,,,Ayo Dosunmu,,,MISS Dosunmu 18' Pullup Jump Shot,,
DREB-OREB,2,6:23,,,Josh Giddey,,,,Giddey REBOUND (Off:1 Def:2),
MISS-BLOCK,2,6:05,,,Darius Bazley,,,,MISS Bazley 3' Driving Layup,
DREB-OREB,2,6:02,,,Zach LaVine,,,LaVine REBOUND (Off:0 Def:1),,
MISS-BLOCK,2,5:59,,,Derrick Jones Jr.,,,MISS Jones Jr. 1' Driving Layup,,
DREB-OREB,2,5:57,,,Darius Bazley,,,,Bazley REBOUND (Off:0 Def:2),
MISS-BLOCK,2,5:43,,,Luguentz Dort,,,,MISS Dort 1' Driving Layup,
DREB-OREB,2,5:40,,,Aaron Wiggins,,,,Wiggins REBOUND (Off:1 Def:1),
MISS-BLOCK,2,5:39,,,Aaron Wiggins,,Derrick Jones Jr.,Jones Jr. BLOCK (2 BLK),MISS Wiggins 8' Putback Layup,
DREB-OREB,2,5:36,,,Goran Dragic,,,Dragic REBOUND (Off:0 Def:2),,
STEAL-TUROVER,2,5:36,,,Goran Dragic,,,Dragic Out of Bounds - Bad Pass Turnover Turnover (P1.T7),,
FOUL,2,5:28,,,Goran Dragic,Darius Bazley,,Dragic S.FOUL (P3.T4) (B.Adair),,
MADE FREE THROW,2,5:28,52 - 48,-4,Darius Bazley,,,,Bazley Free Throw 1 of 2 (8 PTS),
MADE FREE THROW,2,5:28,,,Darius Bazley,,,,MISS Bazley Free Throw 2 of 2,
SUBSTITUTION,2,5:28,,,Josh Giddey,Shai Gilgeous-Alexander,,,SUB: Gilgeous-Alexander FOR Giddey,
SUBSTITUTION,2,5:28,,,Tre Mann,Jalen Williams,,,SUB: Jal. Williams FOR Mann,
DREB-OREB,2,5:25,,,Derrick Jones Jr.,,,Jones Jr. REBOUND (Off:0 Def:2),,
MISS-BLOCK,2,5:11,,,Zach LaVine,,,MISS LaVine 2' Driving Layup,,
DREB-OREB,2,5:08,,,Patrick Williams,,,Williams REBOUND (Off:1 Def:2),,
MADE FG - ASSIST,2,5:08,52 - 50,-2,Patrick Williams,,,Williams Tip Dunk Shot (7 PTS),,
FOUL,2,4:57,,,Patrick Williams,Shai Gilgeous-Alexander,,Williams S.FOUL (P2.PN) (D.Taylor),,
MADE FREE THROW,2,4:57,53 - 50,-3,Shai Gilgeous-Alexander,,,,Gilgeous-Alexander Free Throw 1 of 2 (8 PTS),
SUBSTITUTION,2,4:57,,,Goran Dragic,Coby White,,SUB: White FOR Dragic,,
SUBSTITUTION,2,4:57,,,Ayo Dosunmu,Alex Caruso,,SUB: Caruso FOR Dosunmu,,
SUBSTITUTION,2,4:57,,,Patrick Williams,Nikola Vucevic,,SUB: Vucevic FOR Williams,,
SUBSTITUTION,2,4:57,,,Aaron Wiggins,Mike Muscala,,,SUB: Muscala FOR Wiggins,
MADE FREE THROW,2,4:57,54 - 50,-4,Shai Gilgeous-Alexander,,,,Gilgeous-Alexander Free Throw 2 of 2 (9 PTS),
MADE FG - ASSIST,2,4:35,54 - 52,-2,Nikola Vucevic,Coby White,,Vucevic 10' Jump Shot (4 PTS) (White 3 AST),,
FOUL,2,4:23,,,Alex Caruso,Darius Bazley,,Caruso S.FOUL (P2.PN) (T.Ford),,
MADE FREE THROW,2,4:23,,,Darius Bazley,,,,MISS Bazley Free Throw 1 of 2,
DREB-OREB,2,4:23,,,,,,,Thunder Rebound,
MADE FREE THROW,2,4:23,55 - 52,-3,Darius Bazley,,,,Bazley Free Throw 2 of 2 (9 PTS),
MISS-BLOCK,2,4:04,,,Coby White,,,MISS White 25' 3PT Step Back Jump Shot,,
DREB-OREB,2,4:02,,,Shai Gilgeous-Alexander,,,,Gilgeous-Alexander REBOUND (Off:0 Def:2),
MADE FG - ASSIST,2,3:57,57 - 52,-5,Darius Bazley,Shai Gilgeous-Alexander,,,Bazley 1' Running Layup (11 PTS) (Gilgeous-Alexander 2 AST),
MISS-BLOCK,2,3:42,,,Zach LaVine,,,MISS LaVine 25' 3PT Jump Shot,,
DREB-OREB,2,3:38,,,Jalen Williams,,,,Jal. Williams REBOUND (Off:1 Def:3),
MADE FG - ASSIST,2,3:33,59 - 52,-7,Shai Gilgeous-Alexander,,,,Gilgeous-Alexander Driving Dunk (11 PTS),
STEAL-TUROVER,2,3:12,,,Nikola Vucevic,Shai Gilgeous-Alexander,,Vucevic Bad Pass Turnover (P2.T8),Gilgeous-Alexander STEAL (3 STL),
MADE FG - ASSIST,2,2:54,61 - 52,-9,Jalen Williams,,,,Jal. Williams 2' Driving Layup (8 PTS),
MISS-BLOCK,2,2:37,,,Nikola Vucevic,,,MISS Vucevic 3PT Jump Shot,,
DREB-OREB,2,2:35,,,Shai Gilgeous-Alexander,,,,Gilgeous-Alexander REBOUND (Off:0 Def:3),
MISS-BLOCK,2,2:21,,,Jalen Williams,,,,MISS Jal. Williams 27' 3PT Jump Shot,
DREB-OREB,2,2:19,,,Nikola Vucevic,,,Vucevic REBOUND (Off:0 Def:4),,
FOUL,2,2:14,,,Mike Muscala,Zach LaVine,,,Muscala S.FOUL (P2.T2) (D.Taylor),
9,2,2:14,,,,,,,Thunder Timeout: Regular (Reg.2 Short 0),
SUBSTITUTION,2,2:14,,,Darius Bazley,Kenrich Williams,,,SUB: K. Williams FOR Bazley,
MADE FG - ASSISTSUBSTITUTION,2,2:14,61 - 52,-9,Robert Parish,,,,,Instant Replay2nd Period (8:58 PM EST)
MADE FREE THROW,2,2:14,61 - 53,-8,Zach LaVine,,,LaVine Free Throw 1 of 2 (11 PTS),,
MADE FREE THROW,2,2:14,61 - 54,-7,Zach LaVine,,,LaVine Free Throw 2 of 2 (12 PTS),,
MADE FG - ASSIST,2,1:49,64 - 54,-10,Mike Muscala,Shai Gilgeous-Alexander,,,Muscala 24' 3PT Jump Shot (6 PTS) (Gilgeous-Alexander 3 AST),
MADE FG - ASSIST,2,1:49,64 - 54,-10,Mike Muscala,Shai Gilgeous-Alexander,,,Muscala 24' 3PT Jump Shot (6 PTS) (Gilgeous-Alexander 3 AST),
MISS-BLOCK,2,1:34,,,Zach LaVine,,,MISS LaVine 26' 3PT Step Back Jump Shot,,
DREB-OREB,2,1:30,,,Kenrich Williams,,,,K. Williams REBOUND (Off:0 Def:3),
MADE FG - ASSIST,2,1:23,66 - 54,-12,Shai Gilgeous-Alexander,,,,Gilgeous-Alexander 2' Driving Layup (13 PTS),
MISS-BLOCK,2,1:17,,,Coby White,,,MISS White 25' 3PT Jump Shot,,
DREB-OREB,2,1:13,,,Kenrich Williams,,,,K. Williams REBOUND (Off:0 Def:4),
MADE FG - ASSIST,2,1:09,68 - 54,-14,Luguentz Dort,,,,Dort 2' Driving Layup (9 PTS),
MADE FG - ASSIST,2,0:46,68 - 56,-12,Coby White,Zach LaVine,,White 2' Driving Layup (14 PTS) (LaVine 3 AST),,
MADE FG - ASSIST,2,0:33,70 - 56,-14,Jalen Williams,Shai Gilgeous-Alexander,,,Jal. Williams Cutting Dunk Shot (10 PTS) (Gilgeous-Alexander 4 AST),
FOUL,2,0:28,,,Shai Gilgeous-Alexander,Zach LaVine,,,Gilgeous-Alexander S.FOUL (P3.T3) (B.Adair),
MADE FREE THROW,2,0:28,70 - 57,-13,Zach LaVine,,,LaVine Free Throw 1 of 2 (13 PTS),,
MADE FREE THROW,2,0:28,70 - 58,-12,Zach LaVine,,,LaVine Free Throw 2 of 2 (14 PTS),,
SUBSTITUTION,2,0:28,,,Kenrich Williams,Josh Giddey,,,SUB: Giddey FOR K. Williams,
SUBSTITUTION,2,0:28,,,Coby White,Ayo Dosunmu,,SUB: Dosunmu FOR White,,
FOUL,2,0:16,,,Alex Caruso,Shai Gilgeous-Alexander,,Caruso P.FOUL (P3.PN) (T.Ford),,
MADE FREE THROW,2,0:16,71 - 58,-13,Shai Gilgeous-Alexander,,,,Gilgeous-Alexander Free Throw 1 of 2 (14 PTS),
SUBSTITUTION,2,0:16,,,Alex Caruso,Coby White,,SUB: White FOR Caruso,,
SUBSTITUTION,2,0:16,,,Josh Giddey,Darius Bazley,,,SUB: Bazley FOR Giddey,
SUBSTITUTION,2,0:16,,,Mike Muscala,Kenrich Williams,,,SUB: K. Williams FOR Muscala,
MADE FREE THROW,2,0:16,72 - 58,-14,Shai Gilgeous-Alexander,,,,Gilgeous-Alexander Free Throw 2 of 2 (15 PTS),
MISS-BLOCK,2,0:02,,,Nikola Vucevic,,,MISS Vucevic 3PT Jump Shot,,
DREB-OREB,2,0:00,,,Jalen Williams,,,,Jal. Williams REBOUND (Off:1 Def:4),
MISS-BLOCK,2,0:00,,,Jalen Williams,,,,MISS Jal. Williams 35' 3PT Running Pull-Up Jump Shot,
DREB-OREB,2,0:00,,,,,,,Thunder Rebound,
MADE FG - ASSISTMADE FREE THROW,2,0:00,72 - 58,-14,,,,,,End of 2nd Period (9:06 PM EST)
MADE FG - ASSISTMISS-BLOCK,3,12:00,72 - 58,-14,,,,,,Start of 3rd Period (9:21 PM EST)
MADE FG - ASSIST,3,11:41,72 - 60,-12,Patrick Williams,Alex Caruso,,Williams 5' Turnaround Jump Shot (9 PTS) (Caruso 3 AST),,
MADE FG - ASSIST,3,11:24,74 - 60,-14,Josh Giddey,,,,Giddey 7' Driving Floating Bank Jump Shot (9 PTS),
FOUL,3,11:24,,,Ayo Dosunmu,Josh Giddey,,Dosunmu S.FOUL (P3.T1) (T.Ford),,
MADE FREE THROW,3,11:24,75 - 60,-15,Josh Giddey,,,,Giddey Free Throw 1 of 1 (10 PTS),
FOUL,3,11:06,,,Josh Giddey,Patrick Williams,,,Giddey S.FOUL (P1.T1) (B.Adair),
MADE FREE THROW,3,11:06,75 - 61,-14,Patrick Williams,,,Williams Free Throw 1 of 2 (10 PTS),,
MADE FREE THROW,3,11:06,75 - 62,-13,Patrick Williams,,,Williams Free Throw 2 of 2 (11 PTS),,
MADE FG - ASSIST,3,10:56,77 - 62,-15,Josh Giddey,Luguentz Dort,,,Giddey Layup (12 PTS) (Dort 2 AST),
MISS-BLOCK,3,10:49,,,Zach LaVine,,Shai Gilgeous-Alexander,MISS LaVine 3' Driving Layup,Gilgeous-Alexander BLOCK (2 BLK),
DREB-OREB,3,10:47,,,Josh Giddey,,,,Giddey REBOUND (Off:1 Def:3),
MISS-BLOCK,3,10:36,,,Mike Muscala,,,,MISS Muscala 27' 3PT Jump Shot,
DREB-OREB,3,10:32,,,Zach LaVine,,,LaVine REBOUND (Off:0 Def:2),,
MISS-BLOCK,3,10:26,,,Ayo Dosunmu,,,MISS Dosunmu 2' Running Layup,,
DREB-OREB,3,10:24,,,Mike Muscala,,,,Muscala REBOUND (Off:2 Def:1),
MADE FG - ASSIST,3,10:16,80 - 62,-18,Josh Giddey,Shai Gilgeous-Alexander,,,Giddey 25' 3PT Jump Shot (15 PTS) (Gilgeous-Alexander 5 AST),
9,3,10:15,,,,,,BULLS Timeout: Regular (Full 3 Short 0),,
MADE FG - ASSIST,3,9:59,80 - 64,-16,Patrick Williams,Nikola Vucevic,,Williams 18' Pullup Jump Shot (13 PTS) (Vucevic 3 AST),,
STEAL-TUROVER,3,9:36,,,Shai Gilgeous-Alexander,Patrick Williams,,Williams STEAL (1 STL),Gilgeous-Alexander Lost Ball Turnover (P1.T5),
MISS-BLOCK,3,9:26,,,Nikola Vucevic,,,MISS Vucevic 13' Jump Shot,,
DREB-OREB,3,9:23,,,Josh Giddey,,,,Giddey REBOUND (Off:1 Def:4),
MISS-BLOCK,3,9:18,,,Luguentz Dort,,,,MISS Dort 27' 3PT Jump Shot,
DREB-OREB,3,9:14,,,Nikola Vucevic,,,Vucevic REBOUND (Off:0 Def:5),,
MADE FG - ASSIST,3,9:08,80 - 67,-13,Nikola Vucevic,Patrick Williams,,Vucevic 25' 3PT Jump Shot (7 PTS) (Williams 2 AST),,
MADE FG - ASSIST,3,8:40,82 - 67,-15,Luguentz Dort,Jalen Williams,,,Dort 1' Driving Layup (11 PTS) (Jal. Williams 2 AST),
STEAL-TUROVER,3,8:34,,,Ayo Dosunmu,Shai Gilgeous-Alexander,,Dosunmu Lost Ball Turnover (P2.T9),Gilgeous-Alexander STEAL (4 STL),
FOUL,3,8:31,,,Ayo Dosunmu,Shai Gilgeous-Alexander,,Dosunmu P.FOUL (P4.T2) (B.Adair),,
SUBSTITUTION,3,8:31,,,Ayo Dosunmu,Coby White,,SUB: White FOR Dosunmu,,
STEAL-TUROVER,3,8:30,,,Josh Giddey,,,,Giddey Out of Bounds - Bad Pass Turnover Turnover (P2.T6),
MADE FG - ASSIST,3,8:10,82 - 70,-12,Alex Caruso,Coby White,,Caruso 29' 3PT Jump Shot (8 PTS) (White 4 AST),,
MISS-BLOCK,3,7:56,,,Mike Muscala,,,,MISS Muscala 27' 3PT Jump Shot,
DREB-OREB,3,7:53,,,Coby White,,,White REBOUND (Off:0 Def:3),,
MISS-BLOCK,3,7:44,,,Patrick Williams,,,MISS Williams 26' 3PT Pullup Jump Shot,,
DREB-OREB,3,7:39,,,Nikola Vucevic,,,Vucevic REBOUND (Off:1 Def:5),,
MISS-BLOCK,3,7:37,,,Coby White,,,MISS White 25' 3PT Jump Shot,,
DREB-OREB,3,7:35,,,Shai Gilgeous-Alexander,,,,Gilgeous-Alexander REBOUND (Off:0 Def:4),
MADE FG - ASSIST,3,7:26,84 - 70,-14,Shai Gilgeous-Alexander,,,,Gilgeous-Alexander 17' Pullup Jump Shot (17 PTS),
MISS-BLOCK,3,7:11,,,Zach LaVine,,,MISS LaVine 20' Pullup Jump Shot,,
DREB-OREB,3,7:05,,,Josh Giddey,,,,Giddey REBOUND (Off:1 Def:5),
STEAL-TUROVER,3,6:56,,,Shai Gilgeous-Alexander,Nikola Vucevic,,Vucevic STEAL (1 STL),Gilgeous-Alexander Lost Ball Turnover (P2.T7),
MADE FG - ASSIST,3,6:46,84 - 72,-12,Nikola Vucevic,Coby White,,Vucevic 2' Cutting Layup Shot (9 PTS) (White 5 AST),,
MADE FG - ASSIST,3,6:31,86 - 72,-14,Josh Giddey,,,,Giddey 4' Driving Floating Jump Shot (17 PTS),
MADE FG - ASSIST,3,6:05,86 - 75,-11,Patrick Williams,Coby White,,Williams 3PT Jump Shot (16 PTS) (White 6 AST),,
MISS-BLOCK,3,5:48,,,Luguentz Dort,,,,MISS Dort 26' 3PT Jump Shot,
DREB-OREB,3,5:45,,,Zach LaVine,,,LaVine REBOUND (Off:0 Def:3),,
MADE FG - ASSIST,3,5:37,86 - 77,-9,Nikola Vucevic,Zach LaVine,,Vucevic 2' Driving Layup (11 PTS) (LaVine 4 AST),,
9,3,5:36,,,,,,,Thunder Timeout: Regular (Reg.3 Short 0),
SUBSTITUTION,3,5:36,,,Alex Caruso,Goran Dragic,,SUB: Dragic FOR Caruso,,
SUBSTITUTION,3,5:36,,,Nikola Vucevic,Derrick Jones Jr.,,SUB: Jones Jr. FOR Vucevic,,
SUBSTITUTION,3,5:36,,,Mike Muscala,Kenrich Williams,,,SUB: K. Williams FOR Muscala,
MISS-BLOCK,3,5:17,,,Josh Giddey,,,,MISS Giddey 26' 3PT Jump Shot,
DREB-OREB,3,5:13,,,Luguentz Dort,,,,Dort REBOUND (Off:1 Def:0),
MISS-BLOCK,3,5:06,,,Luguentz Dort,,,,MISS Dort 3PT Jump Shot,
DREB-OREB,3,5:03,,,Zach LaVine,,,LaVine REBOUND (Off:0 Def:4),,
FOUL,3,4:45,,,Luguentz Dort,Coby White,,,Dort P.FOUL (P2.T2) (T.Ford),
SUBSTITUTION,3,4:45,,,Josh Giddey,Lindy Waters III,,,SUB: Waters III FOR Giddey,
MADE FG - ASSIST,3,4:34,86 - 79,-7,Coby White,Zach LaVine,,White 1' Driving Finger Roll Layup (16 PTS) (LaVine 5 AST),,
MISS-BLOCK,3,4:08,,,Shai Gilgeous-Alexander,,,,MISS Gilgeous-Alexander 12' Fadeaway Jumper,
DREB-OREB,3,4:06,,,Coby White,,,White REBOUND (Off:0 Def:4),,
FOUL,3,3:57,,,Lindy Waters III,Patrick Williams,,,Waters III S.FOUL (P2.T3) (B.Adair),
MADE FREE THROW,3,3:57,86 - 80,-6,Patrick Williams,,,Williams Free Throw 1 of 2 (17 PTS),,
SUBSTITUTION,3,3:57,,,Luguentz Dort,Aaron Wiggins,,,SUB: Wiggins FOR Dort,
MADE FREE THROW,3,3:57,86 - 81,-5,Patrick Williams,,,Williams Free Throw 2 of 2 (18 PTS),,
MADE FG - ASSIST,3,3:45,88 - 81,-7,Jalen Williams,,,,Jal. Williams 2' Driving Layup (12 PTS),
FOUL,3,3:45,,,Patrick Williams,Jalen Williams,,Williams S.FOUL (P3.T3) (T.Ford),,
SUBSTITUTION,3,3:45,,,Patrick Williams,Nikola Vucevic,,SUB: Vucevic FOR Williams,,
MADE FREE THROW,3,3:45,89 - 81,-8,Jalen Williams,,,,Jal. Williams Free Throw 1 of 1 (13 PTS),
STEAL-TUROVER,3,3:32,,,Zach LaVine,,,LaVine Out of Bounds - Bad Pass Turnover Turnover (P2.T10),,
MADE FG - ASSIST,3,3:15,91 - 81,-10,Kenrich Williams,Lindy Waters III,,,K. Williams 8' Driving Floating Jump Shot (5 PTS) (Waters III 3 AST),
MISS-BLOCK,3,3:06,,,Zach LaVine,,,MISS LaVine Driving Layup,,
DREB-OREB,3,3:04,,,Derrick Jones Jr.,,,Jones Jr. REBOUND (Off:1 Def:2),,
MADE FG - ASSIST,3,3:04,91 - 83,-8,Derrick Jones Jr.,,,Jones Jr. Tip Dunk Shot (7 PTS),,
MISS-BLOCK,3,2:50,,,Kenrich Williams,,,,MISS K. Williams 25' 3PT Jump Shot,
DREB-OREB,3,2:48,,,Zach LaVine,,,LaVine REBOUND (Off:0 Def:5),,
MISS-BLOCK,3,2:28,,,Coby White,,,MISS White 11' Driving Floating Bank Jump Shot,,
DREB-OREB,3,2:28,,,,,,BULLS Rebound,,
FOUL,3,2:28,,,Lindy Waters III,Nikola Vucevic,,,Waters III L.B.FOUL (P3.T4) (T.Ford),
SUBSTITUTION,3,2:28,,,Zach LaVine,Alex Caruso,,SUB: Caruso FOR LaVine,,
MADE FG - ASSIST,3,2:22,91 - 85,-6,Goran Dragic,,,Dragic 1' Driving Layup (9 PTS),,
MISS-BLOCK,3,2:02,,,Shai Gilgeous-Alexander,,,,MISS Gilgeous-Alexander 3' Driving Layup,
DREB-OREB,3,1:57,,,Derrick Jones Jr.,,,Jones Jr. REBOUND (Off:1 Def:3),,
MADE FG - ASSIST,3,1:46,91 - 87,-4,Nikola Vucevic,Alex Caruso,,Vucevic 2' Layup (13 PTS) (Caruso 4 AST),,
9,3,1:46,,,,,,,Thunder Timeout: Regular (Reg.4 Short 0),
SUBSTITUTION,3,1:46,,,Jalen Williams,Tre Mann,,,SUB: Mann FOR Jal. Williams,
SUBSTITUTION,3,1:46,,,Aaron Wiggins,Mike Muscala,,,SUB: Muscala FOR Wiggins,
MISS-BLOCK,3,1:35,,,Shai Gilgeous-Alexander,,Derrick Jones Jr.,Jones Jr. BLOCK (3 BLK),MISS Gilgeous-Alexander 13' Pullup Jump Shot,
DREB-OREB,3,1:32,,,Mike Muscala,,,,Muscala REBOUND (Off:3 Def:1),
MISS-BLOCK,3,1:31,,,Mike Muscala,,,,MISS Muscala 25' 3PT Jump Shot,
DREB-OREB,3,1:31,,,Alex Caruso,,,Caruso REBOUND (Off:1 Def:2),,
STEAL-TUROVER,3,1:22,,,Nikola Vucevic,,,Vucevic Traveling Turnover (P3.T11),,
STEAL-TUROVER,3,1:10,,,Lindy Waters III,,,,Waters III Traveling Turnover (P1.T8),
MADE FG - ASSIST,3,0:57,91 - 90,-1,Alex Caruso,Nikola Vucevic,,Caruso 3PT Jump Shot (11 PTS) (Vucevic 4 AST),,
FOUL,3,0:50,,,Derrick Jones Jr.,Shai Gilgeous-Alexander,,Jones Jr. P.FOUL (P1.T4) (D.Taylor),,
STEAL-TUROVER,3,0:39,,,Tre Mann,Alex Caruso,,Caruso STEAL (4 STL),Mann Lost Ball Turnover (P1.T9),
MISS-BLOCK,3,0:25,,,Nikola Vucevic,,,MISS Vucevic 2' Layup,,
DREB-OREB,3,0:23,,,Shai Gilgeous-Alexander,,,,Gilgeous-Alexander REBOUND (Off:0 Def:5),
MISS-BLOCK,3,0:05,,,Lindy Waters III,,,,MISS Waters III 26' 3PT Jump Shot,
DREB-OREB,3,0:03,,,,,,,Thunder Rebound,
SUBSTITUTION,3,0:03,,,Kenrich Williams,Josh Giddey,,,SUB: Giddey FOR K. Williams,
MISS-BLOCK,3,0:00,,,Mike Muscala,,,,MISS Muscala 3PT Jump Shot,
DREB-OREB,3,0:00,,,Josh Giddey,,,,Giddey REBOUND (Off:2 Def:5),
MADE FG - ASSISTMADE FREE THROW,3,0:00,91 - 90,-1,,,,,,End of 3rd Period (9:46 PM EST)
MADE FG - ASSISTMISS-BLOCK,4,12:00,91 - 90,-1,,,,,,Start of 4th Period (9:48 PM EST)
STEAL-TUROVER,4,11:35,,,,,,,Thunder Turnover: Shot Clock (T#10),
MISS-BLOCK,4,11:23,,,Goran Dragic,,,MISS Dragic 15' Pullup Jump Shot,,
DREB-OREB,4,11:21,,,Jalen Williams,,,,Jal. Williams REBOUND (Off:1 Def:5),
MADE FG - ASSIST,4,11:04,93 - 90,-3,Jalen Williams,,,,Jal. Williams 1' Driving Reverse Layup (15 PTS),
MISS-BLOCK,4,10:40,,,Derrick Jones Jr.,,Darius Bazley,MISS Jones Jr. 2' Layup,Bazley BLOCK (1 BLK),
DREB-OREB,4,10:40,,,Alex Caruso,,,Caruso REBOUND (Off:2 Def:2),,
MISS-BLOCK,4,10:39,,,Coby White,,,MISS White 27' 3PT Jump Shot,,
DREB-OREB,4,10:39,,,,,,BULLS Rebound,,
FOUL,4,10:38,,,Tre Mann,Alex Caruso,,,Mann L.B.FOUL (P2.T1) (T.Ford),
SUBSTITUTION,4,10:38,,,Derrick Jones Jr.,Patrick Williams,,SUB: Williams FOR Jones Jr.,,
MADE FG - ASSIST,4,10:31,93 - 92,-1,Nikola Vucevic,Goran Dragic,,Vucevic 1' Layup (15 PTS) (Dragic 3 AST),,
MADE FG - ASSIST,4,10:12,95 - 92,-3,Mike Muscala,Josh Giddey,,,Muscala Driving Layup (8 PTS) (Giddey 4 AST),
7,4,10:00,,,Darius Bazley,,,,Bazley Violation:Kicked Ball (D.Taylor),
SUBSTITUTION,4,10:00,,,Tre Mann,Kenrich Williams,,,SUB: K. Williams FOR Mann,
MISS-BLOCK,4,9:49,,,Alex Caruso,,,MISS Caruso 3PT Jump Shot,,
DREB-OREB,4,9:47,,,Josh Giddey,,,,Giddey REBOUND (Off:2 Def:6),
MADE FG - ASSIST,4,9:42,97 - 92,-5,Josh Giddey,,,,Giddey 5' Driving Floating Jump Shot (19 PTS),
MISS-BLOCK,4,9:24,,,Patrick Williams,,,MISS Williams 3PT Jump Shot,,
DREB-OREB,4,9:24,,,Nikola Vucevic,,,Vucevic REBOUND (Off:2 Def:5),,
MISS-BLOCK,4,9:18,,,Goran Dragic,,,MISS Dragic 3PT Jump Shot,,
DREB-OREB,4,9:15,,,Josh Giddey,,,,Giddey REBOUND (Off:2 Def:7),
MISS-BLOCK,4,8:54,,,Kenrich Williams,,,,MISS K. Williams 25' 3PT Jump Shot,
DREB-OREB,4,8:53,,,Coby White,,,White REBOUND (Off:0 Def:5),,
9,4,8:53,,,,,,BULLS Timeout: Regular (Full 4 Short 0),,
SUBSTITUTION,4,8:53,,,Coby White,Zach LaVine,,SUB: LaVine FOR White,,
SUBSTITUTION,4,8:53,,,Alex Caruso,Ayo Dosunmu,,SUB: Dosunmu FOR Caruso,,
SUBSTITUTION,4,8:53,,,Mike Muscala,Aaron Wiggins,,,SUB: Wiggins FOR Muscala,
MADE FG - ASSIST,4,8:40,97 - 94,-3,Nikola Vucevic,Goran Dragic,,Vucevic 7' Floating Jump Shot (17 PTS) (Dragic 4 AST),,
MISS-BLOCK,4,8:20,,,Josh Giddey,,,,MISS Giddey 12' Driving Floating Jump Shot,
DREB-OREB,4,8:17,,,Darius Bazley,,,,Bazley REBOUND (Off:1 Def:2),
MISS-BLOCK,4,8:17,,,Darius Bazley,,,,MISS Bazley Tip Layup Shot,
DREB-OREB,4,8:16,,,Nikola Vucevic,,,Vucevic REBOUND (Off:2 Def:6),,
MISS-BLOCK,4,8:13,,,Nikola Vucevic,,,MISS Vucevic 28' 3PT Jump Shot,,
DREB-OREB,4,8:10,,,Jalen Williams,,,,Jal. Williams REBOUND (Off:1 Def:6),
MADE FG - ASSIST,4,7:59,99 - 94,-5,Darius Bazley,,,,Bazley 1' Driving Layup (13 PTS),
FOUL,4,7:59,,,Nikola Vucevic,Darius Bazley,,Vucevic S.FOUL (P2.T1) (T.Ford),,
MADE FREE THROW,4,7:59,100 - 94,-6,Darius Bazley,,,,Bazley Free Throw 1 of 1 (14 PTS),
STEAL-TUROVER,4,7:51,,,Goran Dragic,Darius Bazley,,Dragic Bad Pass Turnover (P2.T12),Bazley STEAL (1 STL),
MADE FG - ASSIST,4,7:37,102 - 94,-8,Josh Giddey,,,,Giddey 2' Driving Floating Bank Jump Shot (21 PTS),
STEAL-TUROVER,4,7:24,,,Ayo Dosunmu,Jalen Williams,,Dosunmu Bad Pass Turnover (P3.T13),Jal. Williams STEAL (2 STL),
MADE FG - ASSIST,4,7:22,104 - 94,-10,Aaron Wiggins,Jalen Williams,,,Wiggins Running Layup (4 PTS) (Jal. Williams 3 AST),
9,4,7:22,,,,,,BULLS Timeout: Regular (Full 5 Short 0),,
SUBSTITUTION,4,7:22,,,Nikola Vucevic,Derrick Jones Jr.,,SUB: Jones Jr. FOR Vucevic,,
MADE FG - ASSIST,4,7:08,104 - 96,-8,Zach LaVine,,,LaVine 23' Step Back Jump Shot (16 PTS),,
MADE FG - ASSIST,4,6:52,106 - 96,-10,Aaron Wiggins,,,,Wiggins 1' Driving Reverse Layup (6 PTS),
MISS-BLOCK,4,6:36,,,Zach LaVine,,,MISS LaVine 18' Pullup Jump Shot,,
DREB-OREB,4,6:34,,,Jalen Williams,,,,Jal. Williams REBOUND (Off:1 Def:7),
MISS-BLOCK,4,6:14,,,Josh Giddey,,,,MISS Giddey 10' Driving Floating Jump Shot,
DREB-OREB,4,6:12,,,Patrick Williams,,,Williams REBOUND (Off:1 Def:3),,
STEAL-TUROVER,4,6:06,,,Patrick Williams,Kenrich Williams,,Williams Bad Pass Turnover (P2.T14),K. Williams STEAL (1 STL),
SUBSTITUTION,4,6:02,,,Goran Dragic,Alex Caruso,,SUB: Caruso FOR Dragic,,
SUBSTITUTION,4,6:02,,,Patrick Williams,Nikola Vucevic,,SUB: Vucevic FOR Williams,,
SUBSTITUTION,4,6:02,,,Ayo Dosunmu,Coby White,,SUB: White FOR Dosunmu,,
MADE FG - ASSIST,4,5:55,108 - 96,-12,Josh Giddey,Darius Bazley,,,Giddey 1' Cutting Dunk Shot (23 PTS) (Bazley 1 AST),
STEAL-TUROVER,4,5:39,,,Alex Caruso,Darius Bazley,,Caruso Bad Pass Turnover (P2.T15),Bazley STEAL (2 STL),
MISS-BLOCK,4,5:33,,,Aaron Wiggins,,,,MISS Wiggins 3' Running Layup,
DREB-OREB,4,5:29,,,Kenrich Williams,,,,K. Williams REBOUND (Off:1 Def:4),
MISS-BLOCK,4,5:29,,,Kenrich Williams,,,,MISS K. Williams Tip Layup Shot,
DREB-OREB,4,5:29,,,Coby White,,,White REBOUND (Off:0 Def:6),,
FOUL,4,5:20,,,Jalen Williams,Alex Caruso,,,Jal. Williams P.FOUL (P2.T2) (T.Ford),
MISS-BLOCK,4,5:13,,,Derrick Jones Jr.,,,MISS Jones Jr. 3PT Jump Shot,,
DREB-OREB,4,5:10,,,Josh Giddey,,,,Giddey REBOUND (Off:2 Def:8),
STEAL-TUROVER,4,4:52,,,Josh Giddey,Alex Caruso,,Caruso STEAL (5 STL),Giddey Bad Pass Turnover (P3.T11),
MADE FG - ASSIST,4,4:47,108 - 98,-10,Zach LaVine,Alex Caruso,,LaVine 1' Running Layup (18 PTS) (Caruso 5 AST),,
9,4,4:39,,,,,,,Thunder Timeout: Regular (Reg.5 Short 0),
SUBSTITUTION,4,4:39,,,Jalen Williams,Shai Gilgeous-Alexander,,,SUB: Gilgeous-Alexander FOR Jal. Williams,
MADE FG - ASSIST,4,4:23,110 - 98,-12,Shai Gilgeous-Alexander,,,,Gilgeous-Alexander 12' Pullup Jump Shot (19 PTS),
FOUL,4,4:10,,,Aaron Wiggins,Zach LaVine,,,Wiggins S.FOUL (P2.T3) (B.Adair),
MADE FREE THROW,4,4:10,110 - 99,-11,Zach LaVine,,,LaVine Free Throw 1 of 2 (19 PTS),,
MADE FREE THROW,4,4:10,110 - 100,-10,Zach LaVine,,,LaVine Free Throw 2 of 2 (20 PTS),,
FOUL,4,3:58,,,Derrick Jones Jr.,Shai Gilgeous-Alexander,,Jones Jr. S.FOUL (P2.T2) (B.Adair),,
MADE FREE THROW,4,3:58,111 - 100,-11,Shai Gilgeous-Alexander,,,,Gilgeous-Alexander Free Throw 1 of 2 (20 PTS),
MADE FREE THROW,4,3:58,112 - 100,-12,Shai Gilgeous-Alexander,,,,Gilgeous-Alexander Free Throw 2 of 2 (21 PTS),
FOUL,4,3:50,,,Josh Giddey,Zach LaVine,,,Giddey S.FOUL (P2.T4) (B.Adair),
MADE FREE THROW,4,3:50,112 - 101,-11,Zach LaVine,,,LaVine Free Throw 1 of 2 (21 PTS),,
MADE FREE THROW,4,3:50,,,Zach LaVine,,,MISS LaVine Free Throw 2 of 2,,
DREB-OREB,4,3:47,,,Darius Bazley,,,,Bazley REBOUND (Off:1 Def:3),
MISS-BLOCK,4,3:30,,,Darius Bazley,,,,MISS Bazley 26' 3PT Jump Shot,
DREB-OREB,4,3:25,,,Zach LaVine,,,LaVine REBOUND (Off:0 Def:6),,
FOUL,4,3:21,,,Aaron Wiggins,Zach LaVine,,,Wiggins S.FOUL (P3.PN) (T.Ford),
MADE FREE THROW,4,3:21,112 - 102,-10,Zach LaVine,,,LaVine Free Throw 1 of 2 (22 PTS),,
SUBSTITUTION,4,3:21,,,Aaron Wiggins,Jalen Williams,,,SUB: Jal. Williams FOR Wiggins,
MADE FREE THROW,4,3:21,112 - 103,-9,Zach LaVine,,,LaVine Free Throw 2 of 2 (23 PTS),,
MADE FG - ASSIST,4,3:10,115 - 103,-12,Jalen Williams,Shai Gilgeous-Alexander,,,Jal. Williams 25' 3PT Jump Shot (18 PTS) (Gilgeous-Alexander 6 AST),
MISS-BLOCK,4,2:52,,,Derrick Jones Jr.,,,MISS Jones Jr. 2' Cutting Layup Shot,,
DREB-OREB,4,2:49,,,Nikola Vucevic,,,Vucevic REBOUND (Off:3 Def:6),,
MADE FG - ASSIST,4,2:49,115 - 105,-10,Nikola Vucevic,,,Vucevic Tip Layup Shot (19 PTS),,
MADE FG - ASSIST,4,2:30,117 - 105,-12,Josh Giddey,,,,Giddey 14' Turnaround Fadeaway (25 PTS),
MISS-BLOCK,4,2:17,,,Zach LaVine,,,MISS LaVine 26' 3PT Pullup Jump Shot,,
DREB-OREB,4,2:13,,,Kenrich Williams,,,,K. Williams REBOUND (Off:1 Def:5),
MISS-BLOCK,4,2:01,,,Kenrich Williams,,,,MISS K. Williams 3' Cutting Layup Shot,
DREB-OREB,4,1:59,,,Nikola Vucevic,,,Vucevic REBOUND (Off:3 Def:7),,
STEAL-TUROVER,4,1:58,,,Nikola Vucevic,Darius Bazley,,Vucevic Bad Pass Turnover (P4.T16),Bazley STEAL (3 STL),
MADE FG - ASSIST,4,1:44,120 - 105,-15,Kenrich Williams,Josh Giddey,,,K. Williams 3PT Jump Shot (8 PTS) (Giddey 5 AST),
9,4,1:44,,,,,,BULLS Timeout: Regular (Full 6 Short 0),,
SUBSTITUTION,4,1:44,,,Alex Caruso,Ayo Dosunmu,,SUB: Dosunmu FOR Caruso,,
MADE FG - ASSIST,4,1:40,120 - 107,-13,Zach LaVine,,,LaVine 1' Driving Dunk (25 PTS),,
MADE FG - ASSIST,4,1:28,122 - 107,-15,Jalen Williams,Josh Giddey,,,Jal. Williams 2' Layup (20 PTS) (Giddey 6 AST),
MISS-BLOCK,4,1:18,,,Zach LaVine,,,MISS LaVine 27' 3PT Pullup Jump Shot,,
DREB-OREB,4,1:15,,,Kenrich Williams,,,,K. Williams REBOUND (Off:1 Def:6),
MISS-BLOCK,4,0:59,,,Shai Gilgeous-Alexander,,,,MISS Gilgeous-Alexander 26' 3PT Step Back Jump Shot,
DREB-OREB,4,0:56,,,Kenrich Williams,,,,K. Williams REBOUND (Off:2 Def:6),
MISS-BLOCK,4,0:56,,,Kenrich Williams,,,,MISS K. Williams Putback Layup,
DREB-OREB,4,0:56,,,Nikola Vucevic,,,Vucevic REBOUND (Off:3 Def:8),,
9,4,0:56,,,,,,BULLS Timeout: Regular (Full 7 Short 0),,
SUBSTITUTION,4,0:56,,,Zach LaVine,Dalen Terry,,SUB: Terry FOR LaVine,,
SUBSTITUTION,4,0:56,,,Nikola Vucevic,Patrick Williams,,SUB: Williams FOR Vucevic,,
SUBSTITUTION,4,0:56,,,Shai Gilgeous-Alexander,Lindy Waters III,,,SUB: Waters III FOR Gilgeous-Alexander,
SUBSTITUTION,4,0:56,,,Josh Giddey,Aaron Wiggins,,,SUB: Wiggins FOR Giddey,
SUBSTITUTION,4,0:56,,,Kenrich Williams,Tre Mann,,,SUB: Mann FOR K. Williams,
MISS-BLOCK,4,0:45,,,Coby White,,,MISS White 9' Fadeaway Jumper,,
DREB-OREB,4,0:42,,,Aaron Wiggins,,,,Wiggins REBOUND (Off:1 Def:2),
MADE FG - ASSIST,4,0:27,124 - 107,-17,Jalen Williams,,,,Jal. Williams 3' Driving Floating Bank Jump Shot (22 PTS),
MISS-BLOCK,4,0:14,,,Patrick Williams,,Aaron Wiggins,MISS Williams 2' Driving Layup,Wiggins BLOCK (1 BLK),
DREB-OREB,4,0:12,,,Patrick Williams,,,Williams REBOUND (Off:2 Def:3),,
MADE FG - ASSIST,4,0:11,124 - 110,-14,Coby White,Patrick Williams,,White 3PT Jump Shot (19 PTS) (Williams 3 AST),,
MADE FG - ASSISTMADE FREE THROW,4,0:00,124 - 110,-14,,,,,,End of 4th Period (10:16 PM EST)