    ,eventmsgtype  ,period ,pctimestring ,neutraldescription                                                           ,score     ,scoremargin ,player1_name            ,player1_team_abbreviation ,player2_name            ,player2_team_abbreviation ,player3_name            ,player3_team_abbreviation
  0 ,STARTOFPERIOD ,     1 ,12:00        ,Start of 1st Period (7:00 PM EST)                                            ,0         ,0           ,                        ,                          ,                        ,                          ,                        ,
  1 ,JUMPBALL      ,     1 ,12:00        ,Jump Ball Giddey vs. Nesmith: Tip to Gilgeous-Alexander                      ,0         ,0           ,Josh Giddey             ,OKC                       ,Aaron Nesmith           ,IND                       ,Shai Gilgeous-Alexander ,OKC
  2 ,2POINT.ASSIST ,     1 ,11:42        ,Gilgeous-Alexander 2' Driving Layup (2 PTS) (Giddey 1 AST)                   ,2 - 0     ,-2          ,Shai Gilgeous-Alexander ,OKC                       ,Josh Giddey             ,OKC                       ,                        ,
  3 ,2POINTMISS    ,     1 ,11:21        ,MISS Haliburton 10' Turnaround Jump Shot                                     ,2 - 0     ,-2          ,Tyrese Haliburton       ,IND                       ,                        ,                          ,                        ,
  4 ,REBOUND       ,     1 ,11:18        ,Gilgeous-Alexander REBOUND (Off:0 Def:1)                                     ,2 - 0     ,-2          ,Shai Gilgeous-Alexander ,OKC                       ,                        ,                          ,                        ,
  5 ,3POINTMISS    ,     1 ,11:05        ,MISS Gilgeous-Alexander 26' 3PT Jump Shot                                    ,2 - 0     ,-2          ,Shai Gilgeous-Alexander ,OKC                       ,                        ,                          ,                        ,
  6 ,REBOUND       ,     1 ,11:02        ,Nesmith REBOUND (Off:0 Def:1)                                                ,2 - 0     ,-2          ,Aaron Nesmith           ,IND                       ,                        ,                          ,                        ,
  7 ,2POINT.ASSIST ,     1 ,10:54        ,Haliburton 2' Driving Layup (2 PTS) (Nesmith 1 AST)                          ,2 - 2     ,TIE         ,Tyrese Haliburton       ,IND                       ,Aaron Nesmith           ,IND                       ,                        ,
  8 ,2POINT        ,     1 ,10:36        ,Gilgeous-Alexander 16' Pull-Up Jump Shot (4 PTS)                             ,4 - 2     ,-2          ,Shai Gilgeous-Alexander ,OKC                       ,                        ,                          ,                        ,
  9 ,3POINTMISS    ,     1 ,10:18        ,MISS Nembhard 25' 3PT Jump Shot                                              ,4 - 2     ,-2          ,Andrew Nembhard         ,IND                       ,                        ,                          ,                        ,
 10 ,REBOUND       ,     1 ,10:15        ,Giddey REBOUND (Off:0 Def:1)                                                 ,4 - 2     ,-2          ,Josh Giddey             ,OKC                       ,                        ,                          ,                        ,
 11 ,2POINT.ASSIST ,     1 ,10:07        ,Gilgeous-Alexander 5' Driving Floating Bank Jump Shot (6 PTS) (Giddey 2 AST) ,6 - 2     ,-4          ,Shai Gilgeous-Alexander ,OKC                       ,Josh Giddey             ,OKC                       ,                        ,
 12 ,FOUL          ,     1 ,9:51         ,Haliburton S.FOUL (P1.T1) (M.Kogut)                                          ,6 - 2     ,-4          ,Tyrese Haliburton       ,IND                       ,Shai Gilgeous-Alexander ,OKC                       ,                        ,
 13 ,FTMAKE        ,     1 ,9:51         ,Gilgeous-Alexander Free Throw 1 of 2 (7 PTS)                                 ,7 - 2     ,-5          ,Shai Gilgeous-Alexander ,OKC                       ,                        ,                          ,                        ,
 14 ,FTMAKE        ,     1 ,9:51         ,Gilgeous-Alexander Free Throw 2 of 2 (8 PTS)                                 ,8 - 2     ,-6          ,Shai Gilgeous-Alexander ,OKC                       ,                        ,                          ,                        ,
 15 ,2POINT        ,     1 ,9:34         ,Haliburton 17' Pull-Up Jump Shot (4 PTS)                                     ,8 - 4     ,-4          ,Tyrese Haliburton       ,IND                       ,                        ,                          ,                        ,
 16 ,2POINTMISS    ,     1 ,9:16         ,MISS Giddey 5' Driving Floating Jump Shot                                    ,8 - 4     ,-4          ,Josh Giddey             ,OKC                       ,                        ,                          ,                        ,
 17 ,REBOUND       ,     1 ,9:13         ,Duarte REBOUND (Off:0 Def:1)                                                 ,8 - 4     ,-4          ,Chris Duarte            ,IND                       ,                        ,                          ,                        ,
 18 ,3POINT.ASSIST ,     1 ,9:06         ,Duarte 25' 3PT Jump Shot (3 PTS) (Haliburton 1 AST)                          ,8 - 7     ,-1          ,Chris Duarte            ,IND                       ,Tyrese Haliburton       ,IND                       ,                        ,
 19 ,2POINT.ASSIST ,     1 ,8:48         ,Gilgeous-Alexander 2' Driving Reverse Layup (10 PTS) (Giddey 3 AST)          ,10 - 7    ,-3          ,Shai Gilgeous-Alexander ,OKC                       ,Josh Giddey             ,OKC                       ,                        ,
 20 ,2POINTMISS    ,     1 ,8:31         ,MISS Haliburton 17' Pull-Up Jump Shot                                        ,10 - 7    ,-3          ,Tyrese Haliburton       ,IND                       ,                        ,                          ,                        ,
 21 ,REBOUND       ,     1 ,8:28         ,Giddey REBOUND (Off:0 Def:2)                                                 ,10 - 7    ,-3          ,Josh Giddey             ,OKC                       ,                        ,                          ,                        ,
 22 ,3POINT.ASSIST ,     1 ,8:20         ,Gilgeous-Alexander 26' 3PT Jump Shot (13 PTS) (Giddey 4 AST)                 ,13 - 7    ,-6          ,Shai Gilgeous-Alexander ,OKC                       ,Josh Giddey             ,OKC                       ,                        ,
 23 ,TIMEOUT       ,     1 ,8:20         ,PACERS Timeout: Regular (Full 1 Short 0)                                     ,13 - 7    ,-6          ,                        ,                          ,                        ,                          ,                        ,
 24 ,2POINT        ,     1 ,8:04         ,Haliburton 16' Pull-Up Jump Shot (6 PTS)                                     ,13 - 9    ,-4          ,Tyrese Haliburton       ,IND                       ,                        ,                          ,                        ,
 25 ,2POINT.ASSIST ,     1 ,7:46         ,Gilgeous-Alexander 2' Driving Reverse Layup (15 PTS) (Giddey 5 AST)          ,15 - 9    ,-6          ,Shai Gilgeous-Alexander ,OKC                       ,Josh Giddey             ,OKC                       ,                        ,
 26 ,3POINTMISS    ,     1 ,7:28         ,MISS Nembhard 25' 3PT Jump Shot                                              ,15 - 9    ,-6          ,Andrew Nembhard         ,IND                       ,                        ,                          ,                        ,
 27 ,REBOUND       ,     1 ,7:25         ,Giddey REBOUND (Off:0 Def:3)                                                 ,15 - 9    ,-6          ,Josh Giddey             ,OKC                       ,                        ,                          ,                        ,
 28 ,2POINT        ,     1 ,7:17         ,Gilgeous-Alexander 17' Pull-Up Jump Shot (17 PTS)                            ,17 - 9    ,-8          ,Shai Gilgeous-Alexander ,OKC                       ,                        ,                          ,                        ,
 29 ,2POINTMISS    ,     1 ,7:01         ,MISS Duarte 17' Pull-Up Jump Shot                                            ,17 - 9    ,-8          ,Chris Duarte            ,IND                       ,                        ,                          ,                        ,
 30 ,REBOUND       ,     1 ,6:58         ,Giddey REBOUND (Off:0 Def:4)                                                 ,17 - 9    ,-8          ,Josh Giddey             ,OKC                       ,                        ,                          ,                        ,
 31 ,3POINT.ASSIST ,     1 ,6:50         ,Gilgeous-Alexander 25' 3PT Jump Shot (20 PTS) (Giddey 6 AST)                 ,20 - 9    ,-11         ,Shai Gilgeous-Alexander ,OKC                       ,Josh Giddey             ,OKC                       ,                        ,
 32 ,TIMEOUT       ,     1 ,6:50         ,PACERS Timeout: Regular (Full 2 Short 0)                                     ,20 - 9    ,-11         ,                        ,                          ,                        ,                          ,                        ,
 33 ,SUB           ,     1 ,6:50         ,SUB: Hield FOR Nembhard                                                      ,20 - 9    ,-11         ,Andrew Nembhard         ,IND                       ,Buddy Hield             ,IND                       ,                        ,
 34 ,SUB           ,     1 ,6:50         ,SUB: Brissett FOR Nesmith                                                    ,20 - 9    ,-11         ,Aaron Nesmith           ,IND                       ,Oshae Brissett          ,IND                       ,                        ,
 35 ,2POINT.ASSIST ,     1 ,6:33         ,Haliburton 2' Driving Layup (8 PTS) (Hield 1 AST)                            ,20 - 11   ,-9          ,Tyrese Haliburton       ,IND                       ,Buddy Hield             ,IND                       ,                        ,
 36 ,2POINT        ,     1 ,6:15         ,Gilgeous-Alexander 18' Pull-Up Jump Shot (22 PTS)                            ,22 - 11   ,-11         ,Shai Gilgeous-Alexander ,OKC                       ,                        ,                          ,                        ,
 37 ,3POINTMISS    ,     1 ,5:57         ,MISS Hield 25' 3PT Jump Shot                                                 ,22 - 11   ,-11         ,Buddy Hield             ,IND                       ,                        ,                          ,                        ,
 38 ,REBOUND       ,     1 ,5:54         ,Giddey REBOUND (Off:0 Def:5)                                                 ,22 - 11   ,-11         ,Josh Giddey             ,OKC                       ,                        ,                          ,                        ,
 39 ,2POINT.ASSIST ,     1 ,5:46         ,Gilgeous-Alexander 2' Driving Reverse Layup (24 PTS) (Giddey 7 AST)          ,24 - 11   ,-13         ,Shai Gilgeous-Alexander ,OKC                       ,Josh Giddey             ,OKC                       ,                        ,
 40 ,2POINT        ,     1 ,5:28         ,Haliburton 16' Pull-Up Jump Shot (10 PTS)                                    ,24 - 13   ,-11         ,Tyrese Haliburton       ,IND                       ,                        ,                          ,                        ,
 41 ,2POINTMISS    ,     1 ,5:10         ,MISS Gilgeous-Alexander 17' Pull-Up Jump Shot                                ,24 - 13   ,-11         ,Shai Gilgeous-Alexander ,OKC                       ,                        ,                          ,                        ,
 42 ,REBOUND       ,     1 ,5:07         ,Duarte REBOUND (Off:0 Def:2)                                                 ,24 - 13   ,-11         ,Chris Duarte            ,IND                       ,                        ,                          ,                        ,
 43 ,3POINT.ASSIST ,     1 ,5:00         ,Hield 24' 3PT Jump Shot (3 PTS) (Haliburton 2 AST)                           ,24 - 16   ,-8          ,Buddy Hield             ,IND                       ,Tyrese Haliburton       ,IND                       ,                        ,
 44 ,2POINT        ,     1 ,4:42         ,Gilgeous-Alexander 16' Pull-Up Jump Shot (26 PTS)                            ,26 - 16   ,-10         ,Shai Gilgeous-Alexander ,OKC                       ,                        ,                          ,                        ,
 45 ,2POINTMISS    ,     1 ,4:24         ,MISS Haliburton 17' Pull-Up Jump Shot                                        ,26 - 16   ,-10         ,Tyrese Haliburton       ,IND                       ,                        ,                          ,                        ,
 46 ,REBOUND       ,     1 ,4:21         ,Giddey REBOUND (Off:0 Def:6)                                                 ,26 - 16   ,-10         ,Josh Giddey             ,OKC                       ,                        ,                          ,                        ,
 47 ,3POINT.ASSIST ,     1 ,4:13         ,Gilgeous-Alexander 25' 3PT Jump Shot (29 PTS) (Giddey 8 AST)                 ,29 - 16   ,-13         ,Shai Gilgeous-Alexander ,OKC                       ,Josh Giddey             ,OKC                       ,                        ,
 48 ,2POINT        ,     1 ,3:55         ,Haliburton 16' Pull-Up Jump Shot (12 PTS)                                    ,29 - 18   ,-11         ,Tyrese Haliburton       ,IND                       ,                        ,                          ,                        ,
 49 ,2POINT.ASSIST ,     1 ,3:37         ,Gilgeous-Alexander 2' Driving Reverse Layup (31 PTS) (Giddey 9 AST)          ,31 - 18   ,-13         ,Shai Gilgeous-Alexander ,OKC                       ,Josh Giddey             ,OKC                       ,                        ,
 50 ,3POINTMISS    ,     1 ,3:19         ,MISS Hield 24' 3PT Jump Shot                                                 ,31 - 18   ,-13         ,Buddy Hield             ,IND                       ,                        ,                          ,                        ,
 51 ,REBOUND       ,     1 ,3:16         ,Giddey REBOUND (Off:0 Def:7)                                                 ,31 - 18   ,-13         ,Josh Giddey             ,OKC                       ,                        ,                          ,                        ,
 52 ,2POINT        ,     1 ,3:08         ,Gilgeous-Alexander 18' Pull-Up Jump Shot (33 PTS)                            ,33 - 18   ,-15         ,Shai Gilgeous-Alexander ,OKC                       ,                        ,                          ,                        ,
 53 ,TIMEOUT       ,     1 ,3:08         ,PACERS Timeout: Regular (Full 3 Short 0)                                     ,33 - 18   ,-15         ,                        ,                          ,                        ,                          ,                        ,
 54 ,SUB           ,     1 ,3:08         ,SUB: Mathurin FOR Duarte                                                     ,33 - 18   ,-15         ,Chris Duarte            ,IND                       ,Bennedict Mathurin      ,IND                       ,                        ,
 55 ,SUB           ,     1 ,3:08         ,SUB: Smith FOR Brissett                                                      ,33 - 18   ,-15         ,Oshae Brissett          ,IND                       ,Jalen Smith             ,IND                       ,                        ,
 56 ,2POINT.ASSIST ,     1 ,2:50         ,Haliburton 2' Driving Layup (14 PTS) (Hield 2 AST)                           ,33 - 20   ,-13         ,Tyrese Haliburton       ,IND                       ,Buddy Hield             ,IND                       ,                        ,
 57 ,2POINT        ,     1 ,2:32         ,Gilgeous-Alexander 18' Pull-Up Jump Shot (35 PTS)                            ,35 - 20   ,-15         ,Shai Gilgeous-Alexander ,OKC                       ,                        ,                          ,                        ,
 58 ,3POINTMISS    ,     1 ,2:14         ,MISS Hield 24' 3PT Jump Shot                                                 ,35 - 20   ,-15         ,Buddy Hield             ,IND                       ,                        ,                          ,                        ,
 59 ,REBOUND       ,     1 ,2:11         ,Giddey REBOUND (Off:0 Def:8)                                                 ,35 - 20   ,-15         ,Josh Giddey             ,OKC                       ,                        ,                          ,                        ,
 60 ,2POINT.ASSIST ,     1 ,2:03         ,Gilgeous-Alexander 2' Driving Reverse Layup (37 PTS) (Giddey 10 AST)         ,37 - 20   ,-17         ,Shai Gilgeous-Alexander ,OKC                       ,Josh Giddey             ,OKC                       ,                        ,
 61 ,2POINT        ,     1 ,1:45         ,Haliburton 17' Pull-Up Jump Shot (16 PTS)                                    ,37 - 22   ,-15         ,Tyrese Haliburton       ,IND                       ,                        ,                          ,                        ,
 62 ,2POINT.ASSIST ,     1 ,1:27         ,Gilgeous-Alexander 2' Driving Reverse Layup (39 PTS) (Giddey 11 AST)         ,39 - 22   ,-17         ,Shai Gilgeous-Alexander ,OKC                       ,Josh Giddey             ,OKC                       ,                        ,
 63 ,3POINTMISS    ,     1 ,1:09         ,MISS Hield 24' 3PT Jump Shot                                                 ,39 - 22   ,-17         ,Buddy Hield             ,IND                       ,                        ,                          ,                        ,
 64 ,REBOUND       ,     1 ,1:06         ,Giddey REBOUND (Off:0 Def:9)                                                 ,39 - 22   ,-17         ,Josh Giddey             ,OKC                       ,                        ,                          ,                        ,
 65 ,2POINT        ,     1 ,0:58         ,Gilgeous-Alexander 16' Pull-Up Jump Shot (41 PTS)                            ,41 - 22   ,-19         ,Shai Gilgeous-Alexander ,OKC                       ,                        ,                          ,                        ,
 66 ,2POINT        ,     1 ,0:40         ,Haliburton 17' Pull-Up Jump Shot (18 PTS)                                    ,41 - 24   ,-17         ,Tyrese Haliburton       ,IND                       ,                        ,                          ,                        ,
 67 ,3POINTMISS    ,     1 ,0:22         ,MISS Gilgeous-Alexander 26' 3PT Jump Shot                                    ,41 - 24   ,-17         ,Shai Gilgeous-Alexander ,OKC                       ,                        ,                          ,                        ,
 68 ,REBOUND       ,     1 ,0:19         ,Haliburton REBOUND (Off:0 Def:1)                                             ,41 - 24   ,-17         ,Tyrese Haliburton       ,IND                       ,                        ,                          ,                        ,
 69 ,3POINTMISS    ,     1 ,0:02         ,MISS Haliburton 27' 3PT Jump Shot                                            ,41 - 24   ,-17         ,Tyrese Haliburton       ,IND                       ,                        ,                          ,                        ,
 70 ,REBOUND       ,     1 ,0:00         ,Giddey REBOUND (Off:0 Def:10)                                                ,41 - 24   ,-17         ,Josh Giddey             ,OKC                       ,                        ,                          ,                        ,
 71 ,ENDOFPERIOD   ,     1 ,0:00         ,End of 1st Period (7:24 PM EST)                                              ,41 - 24   ,-17         ,                        ,                          ,                        ,                          ,                        ,
 72 ,STARTOFPERIOD ,     2 ,12:00        ,Start of 2nd Period (7:27 PM EST)                                            ,41 - 24   ,-17         ,                        ,                          ,                        ,                          ,                        ,
 73 ,2POINT.ASSIST ,     2 ,11:42        ,Gilgeous-Alexander 2' Driving Reverse Layup (43 PTS) (Giddey 12 AST)         ,43 - 24   ,-19         ,Shai Gilgeous-Alexander ,OKC                       ,Josh Giddey             ,OKC                       ,                        ,
 74 ,2POINT        ,     2 ,11:24        ,Haliburton 16' Pull-Up Jump Shot (20 PTS)                                    ,43 - 26   ,-17         ,Tyrese Haliburton       ,IND                       ,                        ,                          ,                        ,
 75 ,2POINT        ,     2 ,11:06        ,Gilgeous-Alexander 18' Pull-Up Jump Shot (45 PTS)                            ,45 - 26   ,-19         ,Shai Gilgeous-Alexander ,OKC                       ,                        ,                          ,                        ,
 76 ,3POINTMISS    ,     2 ,10:48        ,MISS Hield 24' 3PT Jump Shot                                                 ,45 - 26   ,-19         ,Buddy Hield             ,IND                       ,                        ,                          ,                        ,
 77 ,REBOUND       ,     2 ,10:45        ,Giddey REBOUND (Off:0 Def:11)                                                ,45 - 26   ,-19         ,Josh Giddey             ,OKC                       ,                        ,                          ,                        ,
 78 ,2POINT.ASSIST ,     2 ,10:37        ,Gilgeous-Alexander 2' Driving Reverse Layup (47 PTS) (Giddey 13 AST)         ,47 - 26   ,-21         ,Shai Gilgeous-Alexander ,OKC                       ,Josh Giddey             ,OKC                       ,                        ,
 79 ,TIMEOUT       ,     2 ,10:37        ,PACERS Timeout: Regular (Full 4 Short 0)                                     ,47 - 26   ,-21         ,                        ,                          ,                        ,                          ,                        ,
 80 ,SUB           ,     2 ,10:37        ,SUB: Duarte FOR Hield                                                        ,47 - 26   ,-21         ,Buddy Hield             ,IND                       ,Chris Duarte            ,IND                       ,                        ,
 81 ,SUB           ,     2 ,10:37        ,SUB: Nembhard FOR Smith                                                      ,47 - 26   ,-21         ,Jalen Smith             ,IND                       ,Andrew Nembhard         ,IND                       ,                        ,
 82 ,2POINT        ,     2 ,10:19        ,Haliburton 16' Pull-Up Jump Shot (22 PTS)                                    ,47 - 28   ,-19         ,Tyrese Haliburton       ,IND                       ,                        ,                          ,                        ,
 83 ,2POINT.ASSIST ,     2 ,10:01        ,Gilgeous-Alexander 2' Driving Reverse Layup (49 PTS) (Giddey 14 AST)         ,49 - 28   ,-21         ,Shai Gilgeous-Alexander ,OKC                       ,Josh Giddey             ,OKC                       ,                        ,
 84 ,2POINT        ,     2 ,9:43         ,Haliburton 17' Pull-Up Jump Shot (24 PTS)                                    ,49 - 30   ,-19         ,Tyrese Haliburton       ,IND                       ,                        ,                          ,                        ,
 85 ,2POINT        ,     2 ,9:25         ,Gilgeous-Alexander 18' Pull-Up Jump Shot (51 PTS)                            ,51 - 30   ,-21         ,Shai Gilgeous-Alexander ,OKC                       ,                        ,                          ,                        ,
 86 ,3POINTMISS    ,     2 ,9:07         ,MISS Nembhard 24' 3PT Jump Shot                                              ,51 - 30   ,-21         ,Andrew Nembhard         ,IND                       ,                        ,                          ,                        ,
 87 ,REBOUND       ,     2 ,9:04         ,Giddey REBOUND (Off:0 Def:12)                                                ,51 - 30   ,-21         ,Josh Giddey             ,OKC                       ,                        ,                          ,                        ,
 88 ,2POINT.ASSIST ,     2 ,8:56         ,Gilgeous-Alexander 2' Driving Reverse Layup (53 PTS) (Giddey 15 AST)         ,53 - 30   ,-23         ,Shai Gilgeous-Alexander ,OKC                       ,Josh Giddey             ,OKC                       ,                        ,
 89 ,2POINT        ,     2 ,8:38         ,Haliburton 16' Pull-Up Jump Shot (26 PTS)                                    ,53 - 32   ,-21         ,Tyrese Haliburton       ,IND                       ,                        ,                          ,                        ,
 90 ,2POINT        ,     2 ,8:20         ,Gilgeous-Alexander 18' Pull-Up Jump Shot (55 PTS)                            ,55 - 32   ,-23         ,Shai Gilgeous-Alexander ,OKC                       ,                        ,                          ,                        ,
 91 ,2POINT.ASSIST ,     2 ,8:02         ,Duarte 2' Driving Reverse Layup (5 PTS) (Haliburton 3 AST)                   ,55 - 34   ,-21         ,Chris Duarte            ,IND                       ,Tyrese Haliburton       ,IND                       ,                        ,
 92 ,2POINT        ,     2 ,7:44         ,Gilgeous-Alexander 16' Pull-Up Jump Shot (57 PTS)                            ,57 - 34   ,-23         ,Shai Gilgeous-Alexander ,OKC                       ,                        ,                          ,                        ,
 93 ,3POINTMISS    ,     2 ,7:26         ,MISS Nembhard 24' 3PT Jump Shot                                              ,57 - 34   ,-23         ,Andrew Nembhard         ,IND                       ,                        ,                          ,                        ,
 94 ,REBOUND       ,     2 ,7:23         ,Giddey REBOUND (Off:0 Def:13)                                                ,57 - 34   ,-23         ,Josh Giddey             ,OKC                       ,                        ,                          ,                        ,
 95 ,2POINT.ASSIST ,     2 ,7:15         ,Gilgeous-Alexander 2' Driving Reverse Layup (59 PTS) (Giddey 16 AST)         ,59 - 34   ,-25         ,Shai Gilgeous-Alexander ,OKC                       ,Josh Giddey             ,OKC                       ,                        ,
 96 ,TIMEOUT       ,     2 ,7:15         ,PACERS Timeout: Regular (Full 5 Short 0)                                     ,59 - 34   ,-25         ,                        ,                          ,                        ,                          ,                        ,
 97 ,SUB           ,     2 ,7:15         ,SUB: Hield FOR Duarte                                                        ,59 - 34   ,-25         ,Chris Duarte            ,IND                       ,Buddy Hield             ,IND                       ,                        ,
 98 ,SUB           ,     2 ,7:15         ,SUB: Brissett FOR Mathurin                                                   ,59 - 34   ,-25         ,Bennedict Mathurin      ,IND                       ,Oshae Brissett          ,IND                       ,                        ,
 99 ,2POINT        ,     2 ,7:01         ,Haliburton 17' Pull-Up Jump Shot (28 PTS)                                    ,59 - 36   ,-23         ,Tyrese Haliburton       ,IND                       ,                        ,                          ,                        ,
100 ,2POINT.ASSIST ,     2 ,6:43         ,Gilgeous-Alexander 2' Driving Reverse Layup (61 PTS) (Giddey 17 AST)         ,61 - 36   ,-25         ,Shai Gilgeous-Alexander ,OKC                       ,Josh Giddey             ,OKC                       ,                        ,
101 ,3POINTMISS    ,     2 ,6:25         ,MISS Hield 25' 3PT Jump Shot                                                 ,61 - 36   ,-25         ,Buddy Hield             ,IND                       ,                        ,                          ,                        ,
102 ,REBOUND       ,     2 ,6:22         ,Giddey REBOUND (Off:0 Def:14)                                                ,61 - 36   ,-25         ,Josh Giddey             ,OKC                       ,                        ,                          ,                        ,
103 ,2POINT        ,     2 ,6:14         ,Gilgeous-Alexander 16' Pull-Up Jump Shot (63 PTS)                            ,63 - 36   ,-27         ,Shai Gilgeous-Alexander ,OKC                       ,                        ,                          ,                        ,
104 ,2POINT        ,     2 ,5:56         ,Haliburton 17' Pull-Up Jump Shot (30 PTS)                                    ,63 - 38   ,-25         ,Tyrese Haliburton       ,IND                       ,                        ,                          ,                        ,
105 ,2POINT.ASSIST ,     2 ,5:38         ,Gilgeous-Alexander 2' Driving Reverse Layup (65 PTS) (Giddey 18 AST)         ,65 - 38   ,-27         ,Shai Gilgeous-Alexander ,OKC                       ,Josh Giddey             ,OKC                       ,                        ,
106 ,2POINT        ,     2 ,5:20         ,Haliburton 16' Pull-Up Jump Shot (32 PTS)                                    ,65 - 40   ,-25         ,Tyrese Haliburton       ,IND                       ,                        ,                          ,                        ,
107 ,2POINT        ,     2 ,5:02         ,Gilgeous-Alexander 18' Pull-Up Jump Shot (67 PTS)                            ,67 - 40   ,-27         ,Shai Gilgeous-Alexander ,OKC                       ,                        ,                          ,                        ,
108 ,3POINTMISS    ,     2 ,4:44         ,MISS Hield 24' 3PT Jump Shot                                                 ,67 - 40   ,-27         ,Buddy Hield             ,IND                       ,                        ,                          ,                        ,
109 ,REBOUND       ,     2 ,4:41         ,Giddey REBOUND (Off:0 Def:15)                                                ,67 - 40   ,-27         ,Josh Giddey             ,OKC                       ,                        ,                          ,                        ,
110 ,2POINT.ASSIST ,     2 ,4:33         ,Gilgeous-Alexander 2' Driving Reverse Layup (69 PTS) (Giddey 19 AST)         ,69 - 40   ,-29         ,Shai Gilgeous-Alexander ,OKC                       ,Josh Giddey             ,OKC                       ,                        ,
111 ,TIMEOUT       ,     2 ,4:33         ,PACERS Timeout: Regular (Full 6 Short 0)                                     ,69 - 40   ,-29         ,                        ,                          ,                        ,                          ,                        ,
112 ,SUB           ,     2 ,4:33         ,SUB: Nesmith FOR Brissett                                                    ,69 - 40   ,-29         ,Oshae Brissett          ,IND                       ,Aaron Nesmith           ,IND                       ,                        ,
113 ,SUB           ,     2 ,4:33         ,SUB: Smith FOR Nembhard                                                      ,69 - 40   ,-29         ,Andrew Nembhard         ,IND                       ,Jalen Smith             ,IND                       ,                        ,
114 ,2POINT        ,     2 ,4:15         ,Haliburton 16' Pull-Up Jump Shot (34 PTS)                                    ,69 - 42   ,-27         ,Tyrese Haliburton       ,IND                       ,                        ,                          ,                        ,
115 ,2POINT.ASSIST ,     2 ,3:57         ,Gilgeous-Alexander 2' Driving Reverse Layup (71 PTS) (Giddey 20 AST)         ,71 - 42   ,-29         ,Shai Gilgeous-Alexander ,OKC                       ,Josh Giddey             ,OKC                       ,                        ,
116 ,3POINTMISS    ,     2 ,3:39         ,MISS Hield 25' 3PT Jump Shot                                                 ,71 - 42   ,-29         ,Buddy Hield             ,IND                       ,                        ,                          ,                        ,
117 ,REBOUND       ,     2 ,3:36         ,Giddey REBOUND (Off:0 Def:16)                                                ,71 - 42   ,-29         ,Josh Giddey             ,OKC                       ,                        ,                          ,                        ,
118 ,2POINT        ,     2 ,3:28         ,Gilgeous-Alexander 18' Pull-Up Jump Shot (73 PTS)                            ,73 - 42   ,-31         ,Shai Gilgeous-Alexander ,OKC                       ,                        ,                          ,                        ,
119 ,2POINT        ,     2 ,3:10         ,Haliburton 17' Pull-Up Jump Shot (36 PTS)                                    ,73 - 44   ,-29         ,Tyrese Haliburton       ,IND                       ,                        ,                          ,                        ,
120 ,2POINT.ASSIST ,     2 ,2:52         ,Gilgeous-Alexander 2' Driving Reverse Layup (75 PTS) (Giddey 21 AST)         ,75 - 44   ,-31         ,Shai Gilgeous-Alexander ,OKC                       ,Josh Giddey             ,OKC                       ,                        ,
121 ,2POINT        ,     2 ,2:34         ,Haliburton 16' Pull-Up Jump Shot (38 PTS)                                    ,75 - 46   ,-29         ,Tyrese Haliburton       ,IND                       ,                        ,                          ,                        ,
122 ,2POINT        ,     2 ,2:16         ,Gilgeous-Alexander 18' Pull-Up Jump Shot (77 PTS)                            ,77 - 46   ,-31         ,Shai Gilgeous-Alexander ,OKC                       ,                        ,                          ,                        ,
123 ,3POINTMISS    ,     2 ,1:58         ,MISS Hield 24' 3PT Jump Shot                                                 ,77 - 46   ,-31         ,Buddy Hield             ,IND                       ,                        ,                          ,                        ,
124 ,REBOUND       ,     2 ,1:55         ,Giddey REBOUND (Off:0 Def:17)                                                ,77 - 46   ,-31         ,Josh Giddey             ,OKC                       ,                        ,                          ,                        ,
125 ,2POINT.ASSIST ,     2 ,1:47         ,Gilgeous-Alexander 2' Driving Reverse Layup (79 PTS) (Giddey 22 AST)         ,79 - 46   ,-33         ,Shai Gilgeous-Alexander ,OKC                       ,Josh Giddey             ,OKC                       ,                        ,
126 ,2POINT        ,     2 ,1:29         ,Haliburton 17' Pull-Up Jump Shot (40 PTS)                                    ,79 - 48   ,-31         ,Tyrese Haliburton       ,IND                       ,                        ,                          ,                        ,
127 ,2POINT        ,     2 ,1:11         ,Gilgeous-Alexander 16' Pull-Up Jump Shot (81 PTS)                            ,81 - 48   ,-33         ,Shai Gilgeous-Alexander ,OKC                       ,                        ,                          ,                        ,
128 ,3POINTMISS    ,     2 ,0:53         ,MISS Hield 25' 3PT Jump Shot                                                 ,81 - 48   ,-33         ,Buddy Hield             ,IND                       ,                        ,                          ,                        ,
129 ,REBOUND       ,     2 ,0:50         ,Giddey REBOUND (Off:0 Def:18)                                                ,81 - 48   ,-33         ,Josh Giddey             ,OKC                       ,                        ,                          ,                        ,
130 ,2POINT.ASSIST ,     2 ,0:42         ,Gilgeous-Alexander 2' Driving Reverse Layup (83 PTS) (Giddey 23 AST)         ,83 - 48   ,-35         ,Shai Gilgeous-Alexander ,OKC                       ,Josh Giddey             ,OKC                       ,                        ,
131 ,2POINT        ,     2 ,0:24         ,Haliburton 16' Pull-Up Jump Shot (42 PTS)                                    ,83 - 50   ,-33         ,Tyrese Haliburton       ,IND                       ,                        ,                          ,                        ,
132 ,3POINT.ASSIST ,     2 ,0:06         ,Gilgeous-Alexander 25' 3PT Jump Shot (86 PTS) (Giddey 24 AST)                ,86 - 50   ,-36         ,Shai Gilgeous-Alexander ,OKC                       ,Josh Giddey             ,OKC                       ,                        ,
133 ,3POINTMISS    ,     2 ,0:00         ,MISS Hield 28' 3PT Jump Shot                                                 ,86 - 50   ,-36         ,Buddy Hield             ,IND                       ,                        ,                          ,                        ,
134 ,REBOUND       ,     2 ,0:00         ,Thunder Rebound                                                              ,86 - 50   ,-36         ,                        ,                          ,                        ,                          ,                        ,
135 ,ENDOFPERIOD   ,     2 ,0:00         ,End of 2nd Period (8:27 PM EST)                                              ,86 - 50   ,-36         ,                        ,                          ,                        ,                          ,                        ,
136 ,STARTOFPERIOD ,     3 ,12:00        ,Start of 3rd Period (8:30 PM EST)                                            ,86 - 50   ,-36         ,                        ,                          ,                        ,                          ,                        ,
137 ,2POINT        ,     3 ,11:42        ,Gilgeous-Alexander 18' Pull-Up Jump Shot (88 PTS)                            ,88 - 50   ,-38         ,Shai Gilgeous-Alexander ,OKC                       ,                        ,                          ,                        ,
138 ,2POINT        ,     3 ,11:24        ,Haliburton 17' Pull-Up Jump Shot (44 PTS)                                    ,88 - 52   ,-36         ,Tyrese Haliburton       ,IND                       ,                        ,                          ,                        ,
139 ,2POINT.ASSIST ,     3 ,11:06        ,Gilgeous-Alexander 2' Driving Reverse Layup (90 PTS) (Giddey 25 AST)         ,90 - 52   ,-38         ,Shai Gilgeous-Alexander ,OKC                       ,Josh Giddey             ,OKC                       ,                        ,
140 ,3POINTMISS    ,     3 ,10:48        ,MISS Hield 24' 3PT Jump Shot                                                 ,90 - 52   ,-38         ,Buddy Hield             ,IND                       ,                        ,                          ,                        ,
141 ,REBOUND       ,     3 ,10:45        ,Giddey REBOUND (Off:0 Def:19)                                                ,90 - 52   ,-38         ,Josh Giddey             ,OKC                       ,                        ,                          ,                        ,
142 ,2POINT        ,     3 ,10:37        ,Gilgeous-Alexander 16' Pull-Up Jump Shot (92 PTS)                            ,92 - 52   ,-40         ,Shai Gilgeous-Alexander ,OKC                       ,                        ,                          ,                        ,
143 ,2POINT        ,     3 ,10:19        ,Haliburton 17' Pull-Up Jump Shot (46 PTS)                                    ,92 - 54   ,-38         ,Tyrese Haliburton       ,IND                       ,                        ,                          ,                        ,
144 ,2POINT.ASSIST ,     3 ,10:01        ,Gilgeous-Alexander 2' Driving Reverse Layup (94 PTS) (Giddey 26 AST)         ,94 - 54   ,-40         ,Shai Gilgeous-Alexander ,OKC                       ,Josh Giddey             ,OKC                       ,                        ,
145 ,2POINT        ,     3 ,9:43         ,Haliburton 16' Pull-Up Jump Shot (48 PTS)                                    ,94 - 56   ,-38         ,Tyrese Haliburton       ,IND                       ,                        ,                          ,                        ,
146 ,2POINT        ,     3 ,9:25         ,Gilgeous-Alexander 18' Pull-Up Jump Shot (96 PTS)                            ,96 - 56   ,-40         ,Shai Gilgeous-Alexander ,OKC                       ,                        ,                          ,                        ,
147 ,3POINTMISS    ,     3 ,9:07         ,MISS Nembhard 25' 3PT Jump Shot                                              ,96 - 56   ,-40         ,Andrew Nembhard         ,IND                       ,                        ,                          ,                        ,
148 ,REBOUND       ,     3 ,9:04         ,Giddey REBOUND (Off:0 Def:20)                                                ,96 - 56   ,-40         ,Josh Giddey             ,OKC                       ,                        ,                          ,                        ,
149 ,2POINT.ASSIST ,     3 ,8:56         ,Gilgeous-Alexander 2' Driving Reverse Layup (98 PTS) (Giddey 27 AST)         ,98 - 56   ,-42         ,Shai Gilgeous-Alexander ,OKC                       ,Josh Giddey             ,OKC                       ,                        ,
150 ,2POINT        ,     3 ,8:38         ,Haliburton 17' Pull-Up Jump Shot (50 PTS)                                    ,98 - 58   ,-40         ,Tyrese Haliburton       ,IND                       ,                        ,                          ,                        ,
151 ,2POINT        ,     3 ,8:20         ,Gilgeous-Alexander 16' Pull-Up Jump Shot (100 PTS)                           ,100 - 58  ,-42         ,Shai Gilgeous-Alexander ,OKC                       ,                        ,                          ,                        ,
152 ,2POINT.ASSIST ,     3 ,8:02         ,Duarte 2' Driving Reverse Layup (7 PTS) (Haliburton 4 AST)                   ,100 - 60  ,-40         ,Chris Duarte            ,IND                       ,Tyrese Haliburton       ,IND                       ,                        ,
153 ,2POINT        ,     3 ,7:44         ,Gilgeous-Alexander 18' Pull-Up Jump Shot (102 PTS)                           ,102 - 60  ,-42         ,Shai Gilgeous-Alexander ,OKC                       ,                        ,                          ,                        ,
154 ,3POINTMISS    ,     3 ,7:26         ,MISS Nembhard 24' 3PT Jump Shot                                              ,102 - 60  ,-42         ,Andrew Nembhard         ,IND                       ,                        ,                          ,                        ,
155 ,REBOUND       ,     3 ,7:23         ,Giddey REBOUND (Off:0 Def:21)                                                ,102 - 60  ,-42         ,Josh Giddey             ,OKC                       ,                        ,                          ,                        ,
156 ,2POINT.ASSIST ,     3 ,7:15         ,Gilgeous-Alexander 2' Driving Reverse Layup (104 PTS) (Giddey 28 AST)        ,104 - 60  ,-44         ,Shai Gilgeous-Alexander ,OKC                       ,Josh Giddey             ,OKC                       ,                        ,
157 ,TIMEOUT       ,     3 ,7:15         ,PACERS Timeout: Regular (Full 1 Short 0)                                     ,104 - 60  ,-44         ,                        ,                          ,                        ,                          ,                        ,
158 ,SUB           ,     3 ,7:15         ,SUB: Hield FOR Duarte                                                        ,104 - 60  ,-44         ,Chris Duarte            ,IND                       ,Buddy Hield             ,IND                       ,                        ,
159 ,SUB           ,     3 ,7:15         ,SUB: Brissett FOR Mathurin                                                   ,104 - 60  ,-44         ,Bennedict Mathurin      ,IND                       ,Oshae Brissett          ,IND                       ,                        ,
160 ,2POINT        ,     3 ,7:01         ,Haliburton 16' Pull-Up Jump Shot (52 PTS)                                    ,104 - 62  ,-42         ,Tyrese Haliburton       ,IND                       ,                        ,                          ,                        ,
161 ,2POINT.ASSIST ,     3 ,6:43         ,Gilgeous-Alexander 2' Driving Reverse Layup (106 PTS) (Giddey 29 AST)        ,106 - 62  ,-44         ,Shai Gilgeous-Alexander ,OKC                       ,Josh Giddey             ,OKC                       ,                        ,
162 ,3POINTMISS    ,     3 ,6:25         ,MISS Hield 24' 3PT Jump Shot                                                 ,106 - 62  ,-44         ,Buddy Hield             ,IND                       ,                        ,                          ,                        ,
163 ,REBOUND       ,     3 ,6:22         ,Giddey REBOUND (Off:0 Def:22)                                                ,106 - 62  ,-44         ,Josh Giddey             ,OKC                       ,                        ,                          ,                        ,
164 ,2POINT        ,     3 ,6:14         ,Gilgeous-Alexander 18' Pull-Up Jump Shot (108 PTS)                           ,108 - 62  ,-46         ,Shai Gilgeous-Alexander ,OKC                       ,                        ,                          ,                        ,
165 ,2POINT        ,     3 ,5:56         ,Haliburton 16' Pull-Up Jump Shot (54 PTS)                                    ,108 - 64  ,-44         ,Tyrese Haliburton       ,IND                       ,                        ,                          ,                        ,
166 ,2POINT.ASSIST ,     3 ,5:38         ,Gilgeous-Alexander 2' Driving Reverse Layup (110 PTS) (Giddey 30 AST)        ,110 - 64  ,-46         ,Shai Gilgeous-Alexander ,OKC                       ,Josh Giddey             ,OKC                       ,                        ,
167 ,2POINT        ,     3 ,5:20         ,Haliburton 17' Pull-Up Jump Shot (56 PTS)                                    ,110 - 66  ,-44         ,Tyrese Haliburton       ,IND                       ,                        ,                          ,                        ,
168 ,2POINT        ,     3 ,5:02         ,Gilgeous-Alexander 16' Pull-Up Jump Shot (112 PTS)                           ,112 - 66  ,-46         ,Shai Gilgeous-Alexander ,OKC                       ,                        ,                          ,                        ,
169 ,3POINTMISS    ,     3 ,4:44         ,MISS Hield 25' 3PT Jump Shot                                                 ,112 - 66  ,-46         ,Buddy Hield             ,IND                       ,                        ,                          ,                        ,
170 ,REBOUND       ,     3 ,4:41         ,Giddey REBOUND (Off:0 Def:23)                                                ,112 - 66  ,-46         ,Josh Giddey             ,OKC                       ,                        ,                          ,                        ,
171 ,2POINT.ASSIST ,     3 ,4:33         ,Gilgeous-Alexander 2' Driving Reverse Layup (114 PTS) (Giddey 31 AST)        ,114 - 66  ,-48         ,Shai Gilgeous-Alexander ,OKC                       ,Josh Giddey             ,OKC                       ,                        ,
172 ,TIMEOUT       ,     3 ,4:33         ,PACERS Timeout: Regular (Full 2 Short 0)                                     ,114 - 66  ,-48         ,                        ,                          ,                        ,                          ,                        ,
173 ,SUB           ,     3 ,4:33         ,SUB: Nesmith FOR Brissett                                                    ,114 - 66  ,-48         ,Oshae Brissett          ,IND                       ,Aaron Nesmith           ,IND                       ,                        ,
174 ,SUB           ,     3 ,4:33         ,SUB: Smith FOR Nembhard                                                      ,114 - 66  ,-48         ,Andrew Nembhard         ,IND                       ,Jalen Smith             ,IND                       ,                        ,
175 ,2POINT        ,     3 ,4:15         ,Haliburton 16' Pull-Up Jump Shot (58 PTS)                                    ,114 - 68  ,-46         ,Tyrese Haliburton       ,IND                       ,                        ,                          ,                        ,
176 ,2POINT.ASSIST ,     3 ,3:57         ,Gilgeous-Alexander 2' Driving Reverse Layup (116 PTS) (Giddey 32 AST)        ,116 - 68  ,-48         ,Shai Gilgeous-Alexander ,OKC                       ,Josh Giddey             ,OKC                       ,                        ,
177 ,3POINTMISS    ,     3 ,3:39         ,MISS Hield 24' 3PT Jump Shot                                                 ,116 - 68  ,-48         ,Buddy Hield             ,IND                       ,                        ,                          ,                        ,
178 ,REBOUND       ,     3 ,3:36         ,Giddey REBOUND (Off:0 Def:24)                                                ,116 - 68  ,-48         ,Josh Giddey             ,OKC                       ,                        ,                          ,                        ,
179 ,2POINT        ,     3 ,3:28         ,Gilgeous-Alexander 18' Pull-Up Jump Shot (118 PTS)                           ,118 - 68  ,-50         ,Shai Gilgeous-Alexander ,OKC                       ,                        ,                          ,                        ,
180 ,2POINT        ,     3 ,3:10         ,Haliburton 16' Pull-Up Jump Shot (60 PTS)                                    ,118 - 70  ,-48         ,Tyrese Haliburton       ,IND                       ,                        ,                          ,                        ,
181 ,2POINT.ASSIST ,     3 ,2:52         ,Gilgeous-Alexander 2' Driving Reverse Layup (120 PTS) (Giddey 33 AST)        ,120 - 70  ,-50         ,Shai Gilgeous-Alexander ,OKC                       ,Josh Giddey             ,OKC                       ,                        ,
182 ,2POINT        ,     3 ,2:34         ,Haliburton 17' Pull-Up Jump Shot (62 PTS)                                    ,120 - 72  ,-48         ,Tyrese Haliburton       ,IND                       ,                        ,                          ,                        ,
183 ,2POINT        ,     3 ,2:16         ,Gilgeous-Alexander 16' Pull-Up Jump Shot (122 PTS)                           ,122 - 72  ,-50         ,Shai Gilgeous-Alexander ,OKC                       ,                        ,                          ,                        ,
184 ,3POINTMISS    ,     3 ,1:58         ,MISS Hield 25' 3PT Jump Shot                                                 ,122 - 72  ,-50         ,Buddy Hield             ,IND                       ,                        ,                          ,                        ,
185 ,REBOUND       ,     3 ,1:55         ,Giddey REBOUND (Off:0 Def:25)                                                ,122 - 72  ,-50         ,Josh Giddey             ,OKC                       ,                        ,                          ,                        ,
186 ,2POINT.ASSIST ,     3 ,1:47         ,Gilgeous-Alexander 2' Driving Reverse Layup (124 PTS) (Giddey 34 AST)        ,124 - 72  ,-52         ,Shai Gilgeous-Alexander ,OKC                       ,Josh Giddey             ,OKC                       ,                        ,
187 ,2POINT        ,     3 ,1:29         ,Haliburton 16' Pull-Up Jump Shot (64 PTS)                                    ,124 - 74  ,-50         ,Tyrese Haliburton       ,IND                       ,                        ,                          ,                        ,
188 ,2POINT        ,     3 ,1:11         ,Gilgeous-Alexander 18' Pull-Up Jump Shot (126 PTS)                           ,126 - 74  ,-52         ,Shai Gilgeous-Alexander ,OKC                       ,                        ,                          ,                        ,
189 ,3POINTMISS    ,     3 ,0:53         ,MISS Hield 24' 3PT Jump Shot                                                 ,126 - 74  ,-52         ,Buddy Hield             ,IND                       ,                        ,                          ,                        ,
190 ,REBOUND       ,     3 ,0:50         ,Giddey REBOUND (Off:0 Def:26)                                                ,126 - 74  ,-52         ,Josh Giddey             ,OKC                       ,                        ,                          ,                        ,
191 ,2POINT.ASSIST ,     3 ,0:42         ,Gilgeous-Alexander 2' Driving Reverse Layup (128 PTS) (Giddey 35 AST)        ,128 - 74  ,-54         ,Shai Gilgeous-Alexander ,OKC                       ,Josh Giddey             ,OKC                       ,                        ,
192 ,2POINT        ,     3 ,0:24         ,Haliburton 17' Pull-Up Jump Shot (66 PTS)                                    ,128 - 76  ,-52         ,Tyrese Haliburton       ,IND                       ,                        ,                          ,                        ,
193 ,3POINT.ASSIST ,     3 ,0:06         ,Gilgeous-Alexander 25' 3PT Jump Shot (131 PTS) (Giddey 36 AST)               ,131 - 76  ,-55         ,Shai Gilgeous-Alexander ,OKC                       ,Josh Giddey             ,OKC                       ,                        ,
194 ,3POINTMISS    ,     3 ,0:00         ,MISS Hield 26' 3PT Jump Shot                                                 ,131 - 76  ,-55         ,Buddy Hield             ,IND                       ,                        ,                          ,                        ,
195 ,REBOUND       ,     3 ,0:00         ,Thunder Rebound                                                              ,131 - 76  ,-55         ,                        ,                          ,                        ,                          ,                        ,
196 ,ENDOFPERIOD   ,     3 ,0:00         ,End of 3rd Period (9:30 PM EST)                                              ,131 - 76  ,-55         ,                        ,                          ,                        ,                          ,                        ,
197 ,STARTOFPERIOD ,     4 ,12:00        ,Start of 4th Period (9:33 PM EST)                                            ,131 - 76  ,-55         ,                        ,                          ,                        ,                          ,                        ,
198 ,2POINT        ,     4 ,11:42        ,Gilgeous-Alexander 18' Pull-Up Jump Shot (133 PTS)                           ,133 - 76  ,-57         ,Shai Gilgeous-Alexander ,OKC                       ,                        ,                          ,                        ,
199 ,2POINT        ,     4 ,11:24        ,Haliburton 16' Pull-Up Jump Shot (68 PTS)                                    ,133 - 78  ,-55         ,Tyrese Haliburton       ,IND                       ,                        ,                          ,                        ,
200 ,2POINT.ASSIST ,     4 ,11:06        ,Gilgeous-Alexander 2' Driving Reverse Layup (135 PTS) (Giddey 37 AST)        ,135 - 78  ,-57         ,Shai Gilgeous-Alexander ,OKC                       ,Josh Giddey             ,OKC                       ,                        ,
201 ,3POINTMISS    ,     4 ,10:48        ,MISS Hield 25' 3PT Jump Shot                                                 ,135 - 78  ,-57         ,Buddy Hield             ,IND                       ,                        ,                          ,                        ,
202 ,REBOUND       ,     4 ,10:45        ,Giddey REBOUND (Off:0 Def:27)                                                ,135 - 78  ,-57         ,Josh Giddey             ,OKC                       ,                        ,                          ,                        ,
203 ,2POINT        ,     4 ,10:37        ,Gilgeous-Alexander 18' Pull-Up Jump Shot (137 PTS)                           ,137 - 78  ,-59         ,Shai Gilgeous-Alexander ,OKC                       ,                        ,                          ,                        ,
204 ,2POINT        ,     4 ,10:19        ,Haliburton 16' Pull-Up Jump Shot (70 PTS)                                    ,137 - 80  ,-57         ,Tyrese Haliburton       ,IND                       ,                        ,                          ,                        ,
205 ,2POINT.ASSIST ,     4 ,10:01        ,Gilgeous-Alexander 2' Driving Reverse Layup (139 PTS) (Giddey 38 AST)        ,139 - 80  ,-59         ,Shai Gilgeous-Alexander ,OKC                       ,Josh Giddey             ,OKC                       ,                        ,
206 ,2POINT        ,     4 ,9:43         ,Haliburton 17' Pull-Up Jump Shot (72 PTS)                                    ,139 - 82  ,-57         ,Tyrese Haliburton       ,IND                       ,                        ,                          ,                        ,
207 ,2POINT        ,     4 ,9:25         ,Gilgeous-Alexander 16' Pull-Up Jump Shot (141 PTS)                           ,141 - 82  ,-59         ,Shai Gilgeous-Alexander ,OKC                       ,                        ,                          ,                        ,
208 ,3POINTMISS    ,     4 ,9:07         ,MISS Nembhard 24' 3PT Jump Shot                                              ,141 - 82  ,-59         ,Andrew Nembhard         ,IND                       ,                        ,                          ,                        ,
209 ,REBOUND       ,     4 ,9:04         ,Giddey REBOUND (Off:0 Def:28)                                                ,141 - 82  ,-59         ,Josh Giddey             ,OKC                       ,                        ,                          ,                        ,
210 ,2POINT.ASSIST ,     4 ,8:56         ,Gilgeous-Alexander 2' Driving Reverse Layup (143 PTS) (Giddey 39 AST)        ,143 - 82  ,-61         ,Shai Gilgeous-Alexander ,OKC                       ,Josh Giddey             ,OKC                       ,                        ,
211 ,2POINT        ,     4 ,8:38         ,Haliburton 16' Pull-Up Jump Shot (74 PTS)                                    ,143 - 84  ,-59         ,Tyrese Haliburton       ,IND                       ,                        ,                          ,                        ,
212 ,2POINT        ,     4 ,8:20         ,Gilgeous-Alexander 18' Pull-Up Jump Shot (145 PTS)                           ,145 - 84  ,-61         ,Shai Gilgeous-Alexander ,OKC                       ,                        ,                          ,                        ,
213 ,2POINT.ASSIST ,     4 ,8:02         ,Duarte 2' Driving Reverse Layup (9 PTS) (Haliburton 5 AST)                   ,145 - 86  ,-59         ,Chris Duarte            ,IND                       ,Tyrese Haliburton       ,IND                       ,                        ,
214 ,2POINT        ,     4 ,7:44         ,Gilgeous-Alexander 16' Pull-Up Jump Shot (147 PTS)                           ,147 - 86  ,-61         ,Shai Gilgeous-Alexander ,OKC                       ,                        ,                          ,                        ,
215 ,3POINTMISS    ,     4 ,7:26         ,MISS Nembhard 25' 3PT Jump Shot                                              ,147 - 86  ,-61         ,Andrew Nembhard         ,IND                       ,                        ,                          ,                        ,
216 ,REBOUND       ,     4 ,7:23         ,Giddey REBOUND (Off:0 Def:29)                                                ,147 - 86  ,-61         ,Josh Giddey             ,OKC                       ,                        ,                          ,                        ,
217 ,2POINT.ASSIST ,     4 ,7:15         ,Gilgeous-Alexander 2' Driving Reverse Layup (149 PTS) (Giddey 40 AST)        ,149 - 86  ,-63         ,Shai Gilgeous-Alexander ,OKC                       ,Josh Giddey             ,OKC                       ,                        ,
218 ,TIMEOUT       ,     4 ,7:15         ,PACERS Timeout: Regular (Full 1 Short 0)                                     ,149 - 86  ,-63         ,                        ,                          ,                        ,                          ,                        ,
219 ,SUB           ,     4 ,7:15         ,SUB: Hield FOR Duarte                                                        ,149 - 86  ,-63         ,Chris Duarte            ,IND                       ,Buddy Hield             ,IND                       ,                        ,
220 ,SUB           ,     4 ,7:15         ,SUB: Brissett FOR Mathurin                                                   ,149 - 86  ,-63         ,Bennedict Mathurin      ,IND                       ,Oshae Brissett          ,IND                       ,                        ,
221 ,2POINT        ,     4 ,7:01         ,Haliburton 17' Pull-Up Jump Shot (76 PTS)                                    ,149 - 88  ,-61         ,Tyrese Haliburton       ,IND                       ,                        ,                          ,                        ,
222 ,2POINT.ASSIST ,     4 ,6:43         ,Gilgeous-Alexander 2' Driving Reverse Layup (151 PTS) (Giddey 41 AST)        ,151 - 88  ,-63         ,Shai Gilgeous-Alexander ,OKC                       ,Josh Giddey             ,OKC                       ,                        ,
223 ,3POINTMISS    ,     4 ,6:25         ,MISS Hield 24' 3PT Jump Shot                                                 ,151 - 88  ,-63         ,Buddy Hield             ,IND                       ,                        ,                          ,                        ,
224 ,REBOUND       ,     4 ,6:22         ,Giddey REBOUND (Off:0 Def:30)                                                ,151 - 88  ,-63         ,Josh Giddey             ,OKC                       ,                        ,                          ,                        ,
225 ,2POINT        ,     4 ,6:14         ,Gilgeous-Alexander 16' Pull-Up Jump Shot (153 PTS)                           ,153 - 88  ,-65         ,Shai Gilgeous-Alexander ,OKC                       ,                        ,                          ,                        ,
226 ,2POINT        ,     4 ,5:56         ,Haliburton 17' Pull-Up Jump Shot (78 PTS)                                    ,153 - 90  ,-63         ,Tyrese Haliburton       ,IND                       ,                        ,                          ,                        ,
227 ,2POINT.ASSIST ,     4 ,5:38         ,Gilgeous-Alexander 2' Driving Reverse Layup (155 PTS) (Giddey 42 AST)        ,155 - 90  ,-65         ,Shai Gilgeous-Alexander ,OKC                       ,Josh Giddey             ,OKC                       ,                        ,
228 ,2POINT        ,     4 ,5:20         ,Haliburton 16' Pull-Up Jump Shot (80 PTS)                                    ,155 - 92  ,-63         ,Tyrese Haliburton       ,IND                       ,                        ,                          ,                        ,
229 ,2POINT        ,     4 ,5:02         ,Gilgeous-Alexander 18' Pull-Up Jump Shot (157 PTS)                           ,157 - 92  ,-65         ,Shai Gilgeous-Alexander ,OKC                       ,                        ,                          ,                        ,
230 ,3POINTMISS    ,     4 ,4:44         ,MISS Hield 24' 3PT Jump Shot                                                 ,157 - 92  ,-65         ,Buddy Hield             ,IND                       ,                        ,                          ,                        ,
231 ,REBOUND       ,     4 ,4:41         ,Giddey REBOUND (Off:0 Def:31)                                                ,157 - 92  ,-65         ,Josh Giddey             ,OKC                       ,                        ,                          ,                        ,
232 ,2POINT.ASSIST ,     4 ,4:33         ,Gilgeous-Alexander 2' Driving Reverse Layup (159 PTS) (Giddey 43 AST)        ,159 - 92  ,-67         ,Shai Gilgeous-Alexander ,OKC                       ,Josh Giddey             ,OKC                       ,                        ,
233 ,TIMEOUT       ,     4 ,4:33         ,PACERS Timeout: Regular (Full 2 Short 0)                                     ,159 - 92  ,-67         ,                        ,                          ,                        ,                          ,                        ,
234 ,SUB           ,     4 ,4:33         ,SUB: Nesmith FOR Brissett                                                    ,159 - 92  ,-67         ,Oshae Brissett          ,IND                       ,Aaron Nesmith           ,IND                       ,                        ,
235 ,SUB           ,     4 ,4:33         ,SUB: Smith FOR Nembhard                                                      ,159 - 92  ,-67         ,Andrew Nembhard         ,IND                       ,Jalen Smith             ,IND                       ,                        ,
236 ,2POINT        ,     4 ,4:15         ,Haliburton 17' Pull-Up Jump Shot (82 PTS)                                    ,159 - 94  ,-65         ,Tyrese Haliburton       ,IND                       ,                        ,                          ,                        ,
237 ,2POINT.ASSIST ,     4 ,3:57         ,Gilgeous-Alexander 2' Driving Reverse Layup (161 PTS) (Giddey 44 AST)        ,161 - 94  ,-67         ,Shai Gilgeous-Alexander ,OKC                       ,Josh Giddey             ,OKC                       ,                        ,
238 ,3POINTMISS    ,     4 ,3:39         ,MISS Hield 25' 3PT Jump Shot                                                 ,161 - 94  ,-67         ,Buddy Hield             ,IND                       ,                        ,                          ,                        ,
239 ,REBOUND       ,     4 ,3:36         ,Giddey REBOUND (Off:0 Def:32)                                                ,161 - 94  ,-67         ,Josh Giddey             ,OKC                       ,                        ,                          ,                        ,
240 ,2POINT        ,     4 ,3:28         ,Gilgeous-Alexander 16' Pull-Up Jump Shot (163 PTS)                           ,163 - 94  ,-69         ,Shai Gilgeous-Alexander ,OKC                       ,                        ,                          ,                        ,
241 ,2POINT        ,     4 ,3:10         ,Haliburton 17' Pull-Up Jump Shot (84 PTS)                                    ,163 - 96  ,-67         ,Tyrese Haliburton       ,IND                       ,                        ,                          ,                        ,
242 ,2POINT.ASSIST ,     4 ,2:52         ,Gilgeous-Alexander 2' Driving Reverse Layup (165 PTS) (Giddey 45 AST)        ,165 - 96  ,-69         ,Shai Gilgeous-Alexander ,OKC                       ,Josh Giddey             ,OKC                       ,                        ,
243 ,2POINT        ,     4 ,2:34         ,Haliburton 16' Pull-Up Jump Shot (86 PTS)                                    ,165 - 98  ,-67         ,Tyrese Haliburton       ,IND                       ,                        ,                          ,                        ,
244 ,2POINT        ,     4 ,2:16         ,Gilgeous-Alexander 18' Pull-Up Jump Shot (167 PTS)                           ,167 - 98  ,-69         ,Shai Gilgeous-Alexander ,OKC                       ,                        ,                          ,                        ,
245 ,3POINTMISS    ,     4 ,1:58         ,MISS Hield 24' 3PT Jump Shot                                                 ,167 - 98  ,-69         ,Buddy Hield             ,IND                       ,                        ,                          ,                        ,
246 ,REBOUND       ,     4 ,1:55         ,Giddey REBOUND (Off:0 Def:33)                                                ,167 - 98  ,-69         ,Josh Giddey             ,OKC                       ,                        ,                          ,                        ,
247 ,2POINT.ASSIST ,     4 ,1:47         ,Gilgeous-Alexander 2' Driving Reverse Layup (169 PTS) (Giddey 46 AST)        ,169 - 98  ,-71         ,Shai Gilgeous-Alexander ,OKC                       ,Josh Giddey             ,OKC                       ,                        ,
248 ,2POINT        ,     4 ,1:29         ,Haliburton 17' Pull-Up Jump Shot (88 PTS)                                    ,169 - 100 ,-69         ,Tyrese Haliburton       ,IND                       ,                        ,                          ,                        ,
249 ,2POINT        ,     4 ,1:11         ,Gilgeous-Alexander 16' Pull-Up Jump Shot (171 PTS)                           ,171 - 100 ,-71         ,Shai Gilgeous-Alexander ,OKC                       ,                        ,                          ,                        ,
250 ,3POINTMISS    ,     4 ,0:53         ,MISS Hield 25' 3PT Jump Shot                                                 ,171 - 100 ,-71         ,Buddy Hield             ,IND                       ,                        ,                          ,                        ,
251 ,REBOUND       ,     4 ,0:50         ,Giddey REBOUND (Off:0 Def:34)                                                ,171 - 100 ,-71         ,Josh Giddey             ,OKC                       ,                        ,                          ,                        ,
252 ,2POINT.ASSIST ,     4 ,0:42         ,Gilgeous-Alexander 2' Driving Reverse Layup (173 PTS) (Giddey 47 AST)        ,173 - 100 ,-73         ,Shai Gilgeous-Alexander ,OKC                       ,Josh Giddey             ,OKC                       ,                        ,
253 ,2POINT        ,     4 ,0:24         ,Haliburton 16' Pull-Up Jump Shot (90 PTS)                                    ,173 - 102 ,-71         ,Tyrese Haliburton       ,IND                       ,                        ,                          ,                        ,
254 ,3POINT.ASSIST ,     4 ,0:06         ,Gilgeous-Alexander 25' 3PT Jump Shot (176 PTS) (Giddey 48 AST)               ,176 - 102 ,-74         ,Shai Gilgeous-Alexander ,OKC                       ,Josh Giddey             ,OKC                       ,                        ,